TimeStamp,ControlId,Cnt
07:28,99001,146
08:12,99001,3
08:31,99001,2
07:27,99001,159
07:47,99001,4
08:30,99001,3
07:30,99001,115
07:37,99001,42
07:29,99001,96
08:19,99001,3
07:32,99001,24
08:14,99001,3
07:31,99001,40
08:17,99001,2
07:34,99001,16
07:35,99001,28
09:02,99001,2
07:33,99001,20
07:46,99001,1
08:18,99001,1
07:39,99001,2
07:26,99001,100
08:08,99001,2
07:50,99001,3
08:23,99001,2
07:36,99001,9
11:36,99001,5
08:02,99001,4
08:51,99001,1
07:56,99001,2
16:33,99001,1
10:10,99001,1
07:59,99001,3
07:41,99001,6
07:49,99001,2
08:06,99001,1
08:07,99001,1
07:54,99001,4
08:04,99001,2
07:52,99001,4
07:38,99001,8
08:05,99001,1
07:25,99001,10
09:52,99001,3
10:14,99001,1
13:30,99001,3
08:11,99001,1
16:50,99001,1
10:04,99001,1
11:23,99001,1
11:03,99001,1
07:42,99001,3
10:48,99001,2
08:09,99001,1
08:01,99001,1
07:13,99001,1
08:46,99001,1
16:20,99001,1
09:16,99001,1
11:14,99001,1
07:43,99001,1
08:25,99001,2
10:56,99001,1
07:14,99001,1
08:15,99001,1
09:05,99001,2
08:29,99001,1
08:00,99001,2
06:43,99001,1
09:21,99001,1
07:51,99001,2
13:05,99001,2
10:00,99001,1
09:30,99001,1
11:13,99001,1
10:18,99001,1
07:44,99001,1
11:35,99001,2
08:26,99001,2
16:01,99001,2
08:03,99001,1
09:27,99001,1
14:43,99001,2
15:48,99001,1
07:08,99001,1
08:16,99001,1
15:12,99001,2
08:45,99001,1
13:53,99001,1
10:47,99001,1
07:55,99001,1
09:43,99001,1
06:53,99001,1
18:22,99001,1
10:39,99001,1
11:49,99001,2
09:36,99001,1
16:24,99001,1
15:07,99001,1
09:48,99001,2
16:42,99001,1
17:32,99001,1
17:11,99001,1
07:40,99001,1
15:55,99001,2
06:56,99001,1
08:43,99001,1
14:18,99001,1
15:11,99001,1
09:41,99001,2
09:44,99001,1
09:14,99001,1
15:02,99002,2
07:06,99002,16
07:03,99002,10
07:15,99002,20
14:35,99002,5
14:54,99002,3
15:05,99002,1
15:08,99002,1
07:00,99002,9
13:55,99002,1
14:34,99002,4
14:38,99002,6
14:42,99002,2
07:11,99002,15
07:04,99002,9
07:26,99002,9
17:47,99002,1
07:22,99002,22
07:13,99002,21
07:16,99002,19
07:37,99002,16
14:36,99002,2
14:37,99002,9
14:45,99002,4
07:18,99002,17
06:57,99002,6
07:24,99002,26
07:10,99002,16
07:09,99002,16
14:53,99002,5
14:43,99002,9
08:03,99002,1
10:33,99002,1
11:33,99002,1
11:09,99002,1
11:15,99002,7
14:46,99002,5
07:23,99002,22
07:12,99002,14
07:08,99002,15
07:05,99002,17
10:46,99002,1
07:07,99002,16
12:10,99002,2
11:06,99002,7
11:08,99002,5
07:14,99002,17
15:12,99002,4
07:19,99002,14
11:32,99002,1
11:03,99002,3
11:11,99002,8
14:39,99002,5
14:40,99002,4
15:33,99002,1
14:48,99002,3
14:51,99002,5
15:04,99002,2
11:49,99002,1
07:21,99002,14
14:49,99002,2
14:44,99002,5
09:50,99002,1
13:06,99002,1
07:17,99002,23
11:04,99002,2
15:03,99002,1
15:26,99002,1
07:20,99002,21
11:05,99002,2
11:07,99002,6
16:03,99002,2
08:02,99002,1
07:39,99002,2
06:59,99002,6
12:11,99002,2
15:56,99002,1
06:58,99002,2
07:46,99002,1
08:04,99002,1
14:41,99002,4
14:50,99002,3
15:15,99002,1
11:10,99002,4
11:21,99002,1
07:27,99002,3
10:32,99002,1
06:55,99002,4
14:47,99002,3
11:36,99002,5
08:47,99002,1
07:25,99002,20
11:12,99002,1
08:19,99002,3
11:34,99002,1
12:04,99002,3
09:27,99002,1
12:06,99002,1
10:47,99002,1
09:48,99002,2
08:14,99002,2
08:40,99002,4
11:39,99002,1
11:54,99002,4
12:13,99002,1
08:15,99002,2
12:12,99002,1
08:39,99002,1
09:45,99002,1
15:38,99002,1
07:01,99002,7
11:24,99002,1
10:27,99002,2
09:42,99002,1
11:42,99002,2
14:58,99002,1
11:23,99002,1
12:32,99002,1
14:57,99002,1
10:01,99002,1
10:06,99002,1
11:46,99002,2
09:13,99002,1
17:40,99002,1
07:36,99002,1
12:09,99002,1
12:45,99002,3
12:24,99002,3
09:46,99002,1
12:41,99002,2
12:25,99002,1
12:26,99002,2
07:35,99002,1
08:56,99002,1
12:17,99002,2
12:28,99002,1
15:17,99002,2
16:56,99002,1
17:25,99002,1
18:18,99002,3
11:13,99002,4
13:05,99002,4
14:10,99002,1
11:14,99002,3
13:23,99002,2
11:57,99002,3
11:51,99002,2
17:39,99002,3
17:53,99002,2
11:29,99002,1
09:47,99002,1
12:22,99002,2
12:55,99002,4
17:56,99002,1
11:48,99002,1
14:14,99002,2
09:43,99002,1
12:27,99002,2
12:35,99002,1
12:59,99002,2
17:37,99002,2
13:22,99002,1
15:11,99002,1
14:09,99002,3
17:10,99002,1
18:08,99002,2
12:58,99002,2
12:14,99002,2
13:39,99002,1
17:27,99002,3
17:22,99002,1
16:14,99002,1
10:23,99002,1
16:21,99002,1
17:49,99002,1
16:23,99002,1
17:19,99002,1
17:23,99002,1
12:40,99002,1
18:06,99002,1
12:00,99002,2
11:41,99002,2
12:15,99002,1
12:56,99002,1
12:38,99002,1
17:41,99002,1
07:44,99002,1
18:15,99002,1
19:03,99002,1
07:02,99002,3
17:50,99002,1
12:01,99002,1
12:53,99002,1
12:21,99002,1
07:34,99002,3
17:16,99002,1
06:49,99002,1
07:30,99002,8
15:37,99002,1
06:37,99002,1
17:33,99002,1
09:49,99002,1
16:58,99002,1
07:28,99002,1
07:29,99002,1
06:52,99002,1
13:25,99002,1
15:37,99003,2
07:02,99003,1
15:08,99003,3
15:15,99003,7
15:14,99003,2
15:33,99003,4
12:37,99003,1
11:52,99003,4
12:54,99003,6
12:13,99003,2
15:19,99003,8
12:09,99003,2
15:18,99003,7
11:43,99003,4
12:48,99003,1
12:55,99003,4
13:05,99003,1
12:07,99003,1
15:21,99003,4
15:44,99003,1
11:50,99003,2
15:24,99003,5
14:55,99003,2
14:59,99003,1
15:36,99003,1
11:45,99003,7
14:58,99003,1
15:20,99003,3
08:04,99003,1
15:38,99003,1
14:42,99003,1
15:32,99003,2
15:22,99003,3
06:01,99003,1
15:16,99003,1
12:47,99003,1
13:44,99003,2
15:00,99003,1
15:05,99003,1
15:27,99003,1
14:12,99003,1
08:08,99003,4
06:39,99003,1
07:27,99003,2
13:15,99003,4
12:50,99003,1
15:26,99003,2
15:43,99003,1
13:49,99003,1
15:41,99003,1
13:00,99003,2
13:01,99003,1
16:42,99003,1
15:30,99003,2
16:26,99003,1
15:31,99003,1
13:03,99003,2
11:56,99003,4
07:14,99003,4
14:37,99003,6
12:06,99003,1
07:35,99003,1
07:40,99003,1
13:04,99003,1
07:54,99003,3
07:33,99003,1
07:50,99003,1
11:05,99003,2
07:38,99003,1
14:35,99003,1
08:12,99003,2
07:37,99003,1
07:23,99003,2
07:16,99003,3
07:22,99003,3
07:25,99003,4
07:29,99003,1
07:48,99003,1
07:18,99003,2
07:20,99003,2
07:51,99003,1
11:46,99003,2
11:44,99003,1
11:47,99003,2
07:53,99003,1
16:48,99003,9
14:36,99003,2
07:24,99003,2
11:57,99003,2
07:21,99003,1
18:28,99003,1
14:41,99003,3
14:39,99003,6
14:40,99003,11
11:24,99003,1
11:28,99003,2
12:03,99003,2
07:41,99003,1
18:29,99003,1
14:34,99003,1
10:41,99003,1
11:55,99003,4
14:38,99003,4
18:23,99003,1
10:42,99003,1
14:33,99003,3
10:46,99003,1
18:25,99003,2
18:27,99003,1
07:46,99003,1
18:20,99003,3
18:16,99003,1
18:21,99003,1
11:31,99003,2
18:22,99003,1
18:45,99003,1
07:36,99003,1
16:53,99003,7
16:57,99003,10
18:30,99003,1
16:50,99003,9
16:47,99003,12
17:00,99003,8
16:56,99003,9
16:49,99003,9
16:51,99003,6
17:01,99003,3
16:58,99003,5
15:07,99003,1
18:19,99003,2
16:54,99003,8
17:06,99003,4
16:52,99003,10
17:05,99003,2
16:59,99003,2
16:45,99003,5
16:46,99003,9
17:02,99003,2
11:35,99003,1
14:43,99003,1
11:15,99003,2
16:55,99003,5
17:07,99003,2
16:44,99003,3
17:03,99003,1
17:04,99003,1
16:36,99003,1
12:29,99003,1
15:12,99003,1
07:00,99004,13
06:59,99004,15
06:49,99004,26
16:33,99004,11
12:33,99004,11
10:05,99004,18
09:46,99004,11
06:50,99004,37
06:53,99004,27
15:44,99004,15
10:36,99004,5
12:06,99004,11
10:17,99004,10
13:11,99004,3
10:12,99004,22
07:27,99004,5
06:29,99004,6
06:35,99004,28
06:36,99004,30
06:56,99004,4
06:31,99004,17
12:01,99004,4
06:17,99004,5
06:30,99004,11
06:42,99004,19
06:34,99004,15
06:58,99004,13
07:16,99004,2
07:03,99004,13
17:36,99004,1
16:32,99004,12
17:21,99004,1
07:08,99004,7
16:38,99004,7
08:32,99004,1
15:50,99004,10
06:44,99004,18
17:29,99004,9
15:10,99004,3
17:40,99004,2
11:47,99004,7
12:34,99004,12
10:31,99004,1
15:51,99004,10
18:30,99004,1
06:48,99004,36
15:30,99004,2
10:33,99004,3
17:00,99004,3
17:56,99004,4
16:48,99004,5
08:33,99004,2
06:22,99004,5
06:33,99004,26
06:54,99004,17
06:51,99004,38
16:28,99004,9
16:36,99004,5
10:35,99004,2
12:13,99004,4
11:27,99004,8
16:13,99004,9
10:23,99004,6
16:34,99004,20
16:37,99004,4
15:42,99004,28
16:42,99004,10
15:48,99004,9
16:20,99004,10
10:10,99004,17
10:11,99004,15
10:13,99004,12
10:01,99004,10
17:45,99004,4
17:42,99004,5
18:01,99004,2
17:08,99004,5
15:07,99004,12
13:05,99004,3
13:54,99004,4
16:44,99004,14
16:29,99004,11
15:52,99004,8
16:58,99004,10
11:48,99004,6
17:32,99004,4
15:13,99004,13
10:27,99004,4
16:35,99004,18
10:07,99004,17
09:53,99004,2
16:31,99004,8
11:55,99004,3
12:31,99004,5
06:37,99004,21
06:45,99004,22
16:03,99004,9
06:43,99004,24
15:34,99004,10
15:37,99004,15
20:16,99004,1
11:46,99004,2
12:19,99004,5
06:26,99004,8
13:31,99004,1
06:25,99004,3
06:20,99004,2
17:37,99004,2
09:12,99004,2
12:32,99004,3
07:01,99004,13
07:22,99004,1
07:02,99004,14
06:38,99004,28
20:28,99004,4
17:55,99004,2
14:10,99004,1
15:46,99004,12
06:41,99004,29
15:53,99004,3
16:07,99004,8
16:47,99004,2
07:35,99004,1
06:39,99004,22
16:30,99004,11
15:47,99004,12
12:51,99004,6
09:51,99004,5
13:58,99004,9
14:48,99004,6
16:57,99004,2
16:04,99004,2
17:04,99004,5
18:21,99004,3
11:25,99004,3
12:49,99004,3
06:55,99004,9
13:17,99004,6
18:38,99004,2
08:43,99004,1
15:39,99004,11
15:02,99004,4
19:41,99004,1
17:50,99004,5
17:25,99004,7
18:03,99004,2
16:52,99004,3
17:41,99004,3
17:46,99004,4
10:26,99004,6
15:43,99004,16
10:53,99004,3
15:41,99004,13
09:15,99004,4
14:19,99004,2
09:45,99004,9
12:36,99004,9
12:03,99004,5
10:58,99004,2
15:31,99004,7
14:53,99004,6
11:54,99004,6
09:35,99004,5
19:26,99004,2
14:43,99004,2
14:50,99004,9
17:27,99004,4
17:58,99004,1
16:15,99004,5
17:17,99004,2
18:19,99004,1
14:54,99004,8
18:14,99004,1
12:44,99004,2
16:10,99004,2
12:17,99004,8
15:49,99004,12
19:16,99004,1
13:16,99004,4
18:36,99004,1
13:06,99004,3
12:59,99004,2
06:47,99004,17
10:20,99004,3
16:26,99004,5
17:01,99004,5
11:36,99004,4
15:24,99004,4
11:58,99004,10
11:16,99004,6
12:10,99004,5
14:49,99004,7
15:45,99004,17
16:25,99004,3
14:56,99004,6
12:29,99004,8
10:43,99004,8
19:20,99004,3
06:40,99004,29
17:10,99004,5
18:00,99004,4
17:26,99004,4
12:20,99004,8
16:01,99004,6
18:04,99004,4
12:37,99004,3
12:25,99004,13
11:22,99004,6
16:16,99004,1
10:09,99004,18
10:06,99004,12
13:03,99004,3
15:36,99004,9
06:52,99004,29
08:26,99004,3
14:21,99004,2
07:13,99004,3
11:45,99004,3
10:25,99004,5
11:37,99004,5
11:50,99004,6
13:21,99004,2
16:49,99004,7
11:28,99004,2
09:50,99004,8
10:03,99004,18
12:38,99004,5
07:11,99004,6
10:38,99004,6
07:10,99004,3
10:08,99004,16
10:16,99004,2
09:57,99004,5
16:39,99004,5
07:09,99004,4
17:57,99004,3
14:13,99004,2
06:32,99004,15
09:56,99004,7
08:21,99004,3
17:09,99004,3
14:03,99004,7
15:40,99004,11
16:21,99004,5
12:54,99004,3
12:28,99004,7
06:09,99004,4
06:10,99004,1
09:52,99004,2
10:39,99004,5
11:51,99004,6
15:25,99004,1
20:19,99004,3
06:23,99004,2
12:02,99004,6
13:09,99004,2
12:56,99004,4
06:27,99004,4
06:46,99004,24
09:14,99004,2
12:39,99004,7
11:03,99004,7
11:20,99004,1
15:56,99004,5
09:28,99004,1
12:47,99004,3
14:57,99004,2
14:05,99004,6
07:07,99004,3
07:04,99004,11
07:18,99004,4
16:55,99004,2
11:41,99004,3
12:14,99004,4
15:55,99004,3
11:18,99004,7
09:49,99004,14
10:04,99004,14
07:14,99004,1
07:32,99004,3
16:46,99004,4
16:56,99004,2
17:02,99004,1
17:03,99004,3
17:39,99004,2
17:38,99004,1
19:27,99004,2
16:18,99004,1
17:16,99004,3
12:35,99004,6
12:48,99004,6
14:02,99004,3
13:59,99004,3
06:12,99004,1
06:08,99004,2
12:27,99004,9
14:15,99004,2
16:08,99004,3
11:07,99004,1
13:57,99004,3
12:57,99004,3
11:10,99004,2
13:52,99004,1
08:04,99004,4
15:33,99004,4
09:29,99004,2
15:00,99004,5
11:56,99004,7
16:05,99004,1
11:14,99004,5
11:15,99004,9
09:55,99004,10
09:20,99004,2
08:11,99004,5
11:23,99004,6
16:50,99004,5
12:42,99004,2
10:48,99004,5
09:39,99004,6
17:19,99004,5
11:12,99004,6
08:19,99004,2
11:05,99004,1
17:54,99004,2
17:44,99004,5
08:03,99004,1
07:37,99004,2
14:51,99004,10
18:42,99004,1
14:44,99004,2
16:45,99004,5
16:00,99004,7
17:43,99004,2
09:47,99004,6
11:40,99004,6
15:32,99004,4
17:34,99004,8
17:28,99004,3
14:33,99004,3
08:25,99004,3
15:23,99004,4
15:38,99004,2
13:29,99004,1
16:43,99004,6
15:01,99004,4
14:17,99004,2
15:20,99004,4
17:33,99004,5
11:31,99004,4
12:21,99004,5
15:35,99004,11
11:39,99004,2
14:32,99004,2
12:12,99004,7
19:23,99004,1
20:33,99004,1
18:57,99004,1
11:01,99004,4
13:44,99004,1
12:15,99004,1
11:17,99004,5
08:10,99004,2
13:36,99004,2
13:34,99004,1
13:38,99004,3
14:01,99004,4
12:07,99004,9
11:35,99004,8
19:30,99004,3
19:46,99004,1
13:18,99004,3
07:33,99004,2
15:03,99004,7
15:09,99004,2
11:13,99004,8
12:26,99004,6
14:38,99004,1
14:11,99004,4
08:30,99004,1
11:30,99004,1
14:18,99004,2
12:53,99004,2
09:09,99004,3
20:45,99004,1
12:40,99004,1
19:45,99004,1
10:56,99004,8
20:48,99004,1
20:21,99004,1
13:02,99004,7
16:27,99004,8
06:21,99004,6
13:49,99004,1
11:06,99004,1
15:17,99004,4
10:47,99004,3
11:44,99004,4
18:15,99004,1
14:00,99004,4
20:18,99004,3
11:11,99004,3
19:05,99004,1
20:49,99004,2
06:14,99004,1
11:00,99004,2
11:33,99004,9
12:04,99004,2
11:57,99004,6
08:16,99004,1
11:59,99004,10
16:53,99004,5
08:17,99004,1
17:48,99004,1
06:28,99004,9
09:44,99004,7
13:24,99004,1
11:09,99004,3
10:30,99004,1
08:40,99004,2
08:08,99004,2
07:44,99004,2
14:06,99004,3
11:34,99004,2
10:02,99004,7
20:50,99004,1
08:49,99004,1
12:46,99004,5
08:18,99004,2
20:38,99004,1
20:10,99004,1
12:09,99004,4
09:37,99004,7
07:05,99004,4
19:28,99004,1
14:34,99004,1
09:48,99004,13
16:19,99004,2
06:57,99004,11
15:29,99004,3
09:33,99004,3
13:41,99004,2
14:47,99004,3
09:41,99004,7
14:31,99004,1
06:16,99004,1
06:11,99004,4
10:00,99004,1
08:05,99004,1
07:21,99004,3
20:20,99004,2
16:17,99004,2
14:04,99004,5
13:04,99004,5
16:51,99004,3
07:12,99004,1
07:23,99004,1
16:06,99004,3
16:12,99004,2
05:59,99004,1
17:47,99004,2
09:58,99004,10
13:43,99004,1
11:04,99004,2
08:27,99004,2
15:16,99004,2
19:34,99004,1
11:42,99004,6
12:41,99004,1
06:24,99004,7
11:53,99004,2
06:19,99004,1
20:22,99004,5
10:14,99004,9
10:15,99004,5
07:38,99004,1
13:20,99004,1
09:27,99004,2
10:45,99004,9
10:18,99004,10
10:19,99004,3
18:50,99004,1
12:45,99004,2
12:16,99004,10
07:39,99004,1
15:19,99004,3
12:24,99004,1
16:11,99004,1
10:42,99004,3
09:59,99004,2
10:21,99004,3
20:29,99004,1
18:43,99004,2
17:06,99004,1
08:00,99004,1
19:22,99004,2
10:57,99004,4
16:54,99004,5
15:57,99004,10
07:30,99004,3
15:04,99004,1
17:59,99004,2
17:53,99004,2
19:31,99004,3
09:54,99004,2
10:22,99004,8
15:28,99004,3
15:58,99004,4
14:20,99004,2
11:49,99004,2
16:40,99004,1
13:19,99004,1
08:22,99004,1
08:54,99004,2
13:00,99004,4
07:57,99004,1
17:49,99004,3
15:05,99004,2
07:59,99004,2
15:18,99004,3
16:09,99004,8
16:24,99004,6
07:54,99004,1
19:50,99004,1
14:39,99004,1
17:30,99004,4
17:52,99004,1
14:14,99004,1
10:55,99004,3
12:30,99004,2
15:12,99004,7
09:36,99004,2
20:12,99004,1
13:39,99004,1
15:11,99004,6
12:23,99004,3
21:05,99004,1
12:58,99004,5
18:37,99004,1
17:31,99004,2
12:05,99004,4
16:41,99004,2
09:16,99004,1
15:21,99004,3
18:17,99004,1
14:45,99004,2
11:02,99004,1
12:00,99004,3
18:35,99004,2
13:15,99004,5
17:05,99004,5
08:59,99004,2
19:21,99004,1
11:26,99004,5
10:52,99004,3
13:07,99004,1
10:54,99004,5
17:11,99004,6
17:23,99004,5
08:35,99004,2
16:22,99004,2
19:01,99004,1
08:39,99004,1
09:30,99004,2
13:22,99004,2
12:08,99004,1
07:58,99004,1
09:40,99004,4
13:13,99004,1
19:38,99004,1
10:29,99004,1
09:42,99004,3
08:31,99004,6
12:18,99004,3
18:59,99004,1
16:23,99004,6
13:56,99004,1
15:59,99004,2
07:26,99004,5
09:19,99004,1
09:03,99004,2
14:28,99004,2
13:50,99004,1
20:31,99004,2
14:07,99004,3
17:35,99004,5
15:26,99004,2
09:25,99004,1
11:19,99004,2
07:19,99004,1
08:01,99004,2
09:34,99004,2
09:43,99004,3
15:15,99004,4
13:37,99004,1
09:17,99004,2
14:55,99004,5
09:22,99004,1
06:18,99004,2
15:54,99004,2
08:09,99004,1
09:11,99004,1
15:08,99004,1
20:37,99004,1
14:08,99004,2
13:53,99004,1
19:55,99004,1
18:22,99004,1
18:05,99004,1
07:06,99004,1
12:11,99004,1
18:51,99004,1
08:41,99004,2
13:40,99004,1
15:14,99004,3
11:52,99004,1
19:15,99004,1
13:01,99004,3
15:22,99004,2
09:21,99004,2
08:29,99004,3
14:42,99004,2
12:50,99004,1
14:52,99004,2
19:44,99004,1
20:39,99004,1
20:36,99004,1
13:08,99004,1
13:14,99004,2
06:13,99004,1
18:08,99004,1
09:24,99004,1
18:16,99004,1
10:34,99004,2
09:23,99004,1
13:48,99004,1
12:52,99004,2
20:08,99004,1
09:18,99004,1
09:38,99004,2
11:38,99004,1
10:24,99004,2
07:28,99004,1
12:22,99004,2
11:43,99004,1
10:59,99004,2
08:47,99004,1
14:58,99004,1
15:06,99004,1
13:10,99004,1
11:21,99004,1
10:28,99004,1
07:19,99005,9
06:53,99005,14
10:32,99005,2
12:09,99005,6
14:20,99005,3
12:05,99005,11
12:26,99005,1
18:19,99005,4
11:58,99005,14
12:03,99005,9
11:12,99005,4
11:39,99005,7
13:57,99005,2
12:01,99005,6
07:22,99005,6
06:35,99005,6
06:48,99005,18
06:42,99005,16
12:22,99005,6
07:02,99005,14
07:00,99005,32
06:30,99005,4
06:25,99005,1
06:14,99005,3
06:21,99005,1
07:08,99005,10
06:52,99005,17
06:55,99005,21
06:50,99005,17
17:47,99005,6
17:33,99005,3
18:44,99005,4
13:14,99005,1
18:06,99005,5
17:50,99005,3
18:02,99005,9
17:53,99005,3
17:46,99005,6
12:08,99005,4
18:36,99005,5
11:15,99005,7
06:57,99005,36
06:56,99005,28
17:35,99005,1
12:46,99005,1
12:15,99005,1
12:04,99005,11
12:25,99005,3
11:14,99005,6
12:02,99005,4
09:45,99005,5
18:01,99005,2
18:22,99005,2
07:09,99005,7
12:31,99005,5
07:01,99005,23
06:58,99005,21
11:42,99005,7
19:00,99005,3
13:54,99005,2
11:40,99005,7
17:24,99005,5
12:37,99005,5
17:48,99005,6
17:51,99005,6
18:11,99005,2
12:24,99005,4
14:36,99005,2
18:42,99005,2
11:49,99005,8
18:56,99005,3
18:59,99005,5
12:17,99005,6
16:23,99005,1
17:58,99005,5
06:46,99005,11
11:00,99005,2
15:45,99005,2
06:41,99005,19
06:59,99005,23
06:49,99005,21
20:11,99005,1
06:47,99005,17
06:45,99005,21
06:54,99005,20
12:20,99005,4
06:43,99005,11
13:02,99005,3
06:27,99005,3
12:23,99005,2
14:18,99005,2
06:31,99005,6
17:37,99005,2
06:28,99005,6
07:23,99005,8
07:24,99005,6
07:31,99005,1
14:23,99005,1
07:11,99005,13
07:12,99005,7
07:05,99005,9
06:38,99005,9
06:37,99005,7
14:25,99005,1
18:13,99005,4
10:06,99005,1
07:15,99005,6
14:24,99005,2
07:13,99005,11
14:30,99005,1
18:03,99005,9
18:05,99005,8
18:55,99005,1
18:12,99005,2
18:10,99005,2
19:10,99005,2
15:58,99005,1
11:37,99005,1
13:47,99005,2
18:51,99005,3
12:58,99005,7
17:56,99005,3
15:17,99005,2
16:24,99005,1
18:47,99005,2
15:12,99005,2
18:38,99005,2
18:21,99005,12
07:39,99005,3
15:27,99005,1
16:43,99005,1
16:11,99005,1
13:06,99005,1
15:40,99005,1
18:15,99005,3
19:06,99005,1
10:43,99005,3
17:45,99005,6
17:55,99005,2
08:50,99005,3
18:18,99005,6
17:52,99005,8
06:40,99005,16
06:44,99005,9
21:31,99005,1
12:10,99005,6
10:41,99005,3
10:26,99005,1
12:12,99005,7
07:25,99005,4
06:29,99005,2
10:58,99005,3
06:39,99005,8
16:04,99005,1
07:20,99005,5
07:04,99005,7
07:16,99005,3
12:19,99005,4
10:12,99005,2
07:03,99005,15
12:06,99005,16
16:17,99005,1
17:59,99005,1
07:18,99005,4
07:21,99005,7
06:15,99005,1
06:17,99005,2
13:10,99005,3
13:33,99005,1
06:33,99005,3
18:28,99005,1
18:24,99005,5
11:55,99005,5
12:18,99005,2
17:09,99005,2
07:07,99005,10
07:17,99005,11
07:14,99005,4
16:54,99005,2
12:13,99005,13
11:47,99005,4
10:31,99005,2
07:41,99005,2
20:19,99005,1
17:40,99005,3
18:31,99005,3
18:14,99005,5
11:54,99005,9
17:30,99005,4
10:00,99005,1
17:03,99005,3
10:48,99005,2
15:04,99005,1
06:20,99005,4
12:48,99005,3
15:53,99005,2
17:04,99005,2
06:36,99005,7
18:25,99005,8
17:41,99005,2
19:12,99005,1
08:29,99005,1
10:19,99005,1
07:10,99005,8
09:20,99005,1
13:41,99005,1
10:02,99005,3
11:17,99005,3
15:11,99005,2
16:34,99005,1
12:33,99005,4
20:57,99005,1
11:19,99005,3
18:04,99005,12
17:39,99005,4
18:16,99005,1
07:40,99005,1
16:38,99005,1
14:48,99005,2
06:16,99005,2
12:50,99005,1
15:19,99005,2
18:33,99005,3
16:55,99005,2
16:57,99005,1
12:56,99005,6
14:34,99005,5
15:36,99005,1
09:27,99005,1
12:34,99005,1
11:56,99005,3
17:08,99005,3
12:47,99005,1
09:49,99005,1
17:25,99005,1
13:22,99005,1
15:05,99005,2
11:45,99005,1
08:20,99005,4
12:00,99005,9
18:26,99005,1
10:01,99005,1
12:07,99005,5
11:53,99005,3
07:33,99005,1
13:18,99005,4
10:56,99005,3
11:01,99005,5
11:59,99005,6
07:51,99005,1
15:57,99005,1
14:08,99005,2
13:30,99005,4
07:06,99005,6
11:51,99005,13
11:48,99005,7
11:33,99005,2
18:17,99005,4
08:36,99005,3
17:06,99005,1
18:27,99005,1
14:45,99005,1
16:29,99005,1
12:11,99005,5
16:13,99005,1
17:01,99005,2
18:08,99005,2
11:50,99005,2
12:39,99005,4
09:31,99005,1
06:51,99005,10
17:15,99005,1
13:29,99005,4
12:16,99005,2
09:08,99005,2
14:22,99005,2
18:20,99005,2
15:51,99005,1
13:58,99005,3
11:05,99005,1
16:52,99005,1
08:59,99005,1
09:46,99005,1
11:32,99005,2
17:31,99005,3
13:39,99005,1
15:25,99005,1
08:14,99005,2
14:58,99005,1
08:19,99005,1
17:44,99005,9
10:05,99005,3
17:29,99005,3
15:06,99005,2
17:27,99005,4
14:59,99005,1
14:01,99005,2
14:03,99005,1
18:09,99005,2
06:34,99005,2
11:46,99005,7
12:59,99005,3
16:49,99005,2
06:24,99005,1
11:28,99005,1
13:07,99005,8
14:00,99005,5
07:48,99005,1
12:57,99005,5
11:24,99005,2
18:32,99005,2
07:49,99005,1
13:00,99005,2
14:43,99005,1
15:32,99005,1
16:01,99005,2
16:36,99005,1
16:32,99005,1
13:11,99005,3
18:07,99005,5
20:40,99005,1
11:34,99005,1
17:20,99005,1
16:41,99005,2
11:07,99005,6
16:31,99005,1
17:36,99005,1
15:49,99005,2
17:57,99005,5
15:41,99005,1
19:20,99005,1
15:07,99005,3
13:09,99005,1
12:28,99005,3
12:35,99005,3
12:38,99005,2
11:30,99005,2
13:26,99005,4
12:52,99005,3
11:57,99005,5
12:36,99005,1
11:06,99005,1
11:26,99005,7
09:54,99005,2
17:38,99005,1
11:23,99005,3
08:52,99005,1
08:53,99005,2
10:52,99005,1
10:59,99005,1
10:54,99005,2
10:50,99005,1
11:25,99005,4
15:13,99005,2
14:19,99005,2
14:46,99005,3
11:04,99005,2
18:00,99005,2
14:05,99005,2
17:43,99005,1
07:50,99005,1
13:20,99005,2
14:11,99005,4
18:35,99005,1
15:10,99005,3
15:24,99005,1
07:28,99005,1
13:04,99005,5
17:49,99005,3
12:21,99005,5
11:41,99005,6
10:18,99005,2
18:45,99005,1
10:47,99005,4
13:55,99005,2
18:41,99005,1
15:48,99005,1
12:51,99005,5
07:27,99005,2
18:23,99005,5
08:26,99005,3
13:50,99005,1
13:15,99005,2
09:09,99005,1
12:42,99005,6
13:17,99005,3
10:14,99005,1
08:12,99005,1
14:21,99005,1
12:40,99005,2
14:27,99005,1
12:49,99005,1
12:44,99005,1
13:01,99005,2
07:26,99005,3
09:19,99005,1
08:16,99005,1
15:34,99005,1
06:32,99005,2
11:08,99005,6
17:19,99005,1
18:49,99005,1
12:30,99005,2
12:14,99005,1
12:53,99005,3
10:20,99005,2
07:29,99005,1
07:38,99005,2
17:23,99005,2
10:04,99005,3
16:40,99005,1
10:10,99005,1
16:46,99005,1
08:39,99005,3
19:05,99005,3
09:22,99005,1
18:37,99005,4
16:48,99005,1
13:08,99005,3
07:30,99005,1
11:29,99005,4
11:18,99005,1
09:24,99005,2
08:38,99005,1
09:40,99005,1
14:44,99005,1
13:19,99005,1
15:47,99005,3
09:07,99005,1
13:56,99005,1
13:05,99005,1
18:34,99005,1
20:29,99005,1
11:36,99005,1
16:50,99005,1
16:02,99005,1
16:44,99005,2
14:49,99005,1
16:56,99005,1
08:57,99005,2
09:33,99005,1
16:06,99005,1
14:07,99005,1
13:23,99005,1
12:27,99005,1
06:26,99005,1
08:41,99005,1
09:32,99005,1
08:45,99005,2
08:54,99005,2
10:34,99005,2
15:26,99005,2
16:51,99005,2
08:17,99005,1
13:16,99005,4
08:46,99005,2
17:17,99005,1
12:43,99005,1
06:18,99005,1
11:38,99005,1
13:52,99005,1
14:02,99005,1
14:12,99005,1
14:47,99005,1
06:19,99005,1
14:14,99005,1
09:52,99005,1
15:50,99005,1
08:49,99005,1
11:20,99005,1
11:10,99005,1
12:54,99005,1
10:24,99005,1
14:13,99005,1
11:52,99005,1
11:13,99005,1
10:25,99005,1
08:06,99005,1
11:22,99005,1
08:40,99005,1
08:58,99005,1
18:48,99005,1
10:55,99005,1
13:12,99005,1
19:44,99005,1
10:37,99005,1
20:43,99005,1
13:25,99005,1
12:38,00000,353
17:18,00000,4374
07:04,00000,1369
12:18,00000,2467
17:33,00000,1675
16:41,00000,258
16:58,00000,975
11:52,00000,1076
16:12,00000,22
09:25,00000,1070
17:22,00000,3511
09:26,00000,969
17:47,00000,848
17:27,00000,2024
07:08,00000,1200
12:19,00000,2479
12:02,00000,8022
12:13,00000,3771
12:00,00000,7099
11:41,00000,1041
17:09,00000,2020
11:57,00000,4339
12:09,00000,6278
11:38,00000,1166
15:13,00000,12
17:40,00000,1308
15:45,00000,25
12:43,00000,151
09:19,00000,883
12:08,00000,6709
13:52,00000,36
12:46,00000,109
17:05,00000,1513
12:05,00000,7737
06:53,00000,2444
17:14,00000,3523
12:27,00000,1906
12:15,00000,2930
12:41,00000,216
12:21,00000,2459
17:07,00000,1721
11:34,00000,1030
11:58,00000,5450
15:22,00000,14
09:15,00000,797
11:27,00000,1078
12:11,00000,5044
09:28,00000,797
11:31,00000,1083
09:27,00000,878
12:10,00000,5600
12:37,00000,374
09:14,00000,742
12:31,00000,1271
11:59,00000,6482
17:19,00000,4313
12:12,00000,4375
11:32,00000,1126
06:30,00000,524
10:19,00000,619
12:23,00000,2304
17:36,00000,1478
17:29,00000,1792
12:04,00000,7918
06:31,00000,543
17:02,00000,1308
17:10,00000,2283
10:17,00000,798
12:48,00000,135
16:56,00000,679
08:29,00000,17
16:28,00000,142
15:46,00000,28
06:44,00000,1713
10:20,00000,488
12:06,00000,7350
12:01,00000,7759
09:32,00000,481
10:10,00000,22
12:54,00000,112
15:57,00000,30
17:21,00000,3744
12:07,00000,7148
09:34,00000,272
13:15,00000,26
15:53,00000,24
15:01,00000,20
09:16,00000,817
12:14,00000,3275
12:45,00000,134
11:50,00000,937
16:32,00000,162
17:24,00000,2732
11:30,00000,1149
16:48,00000,289
16:22,00000,89
09:24,00000,1022
17:49,00000,764
12:17,00000,2600
08:36,00000,9
11:46,00000,892
17:20,00000,4052
12:51,00000,94
11:48,00000,868
09:29,00000,742
10:28,00000,56
14:48,00000,72
15:40,00000,68
12:22,00000,2308
10:34,00000,56
16:25,00000,146
09:10,00000,345
13:59,00000,40
11:53,00000,1412
09:23,00000,1063
17:12,00000,2663
11:35,00000,1049
11:47,00000,906
08:21,00000,32
12:34,00000,661
10:18,00000,811
17:52,00000,530
09:11,00000,497
17:44,00000,1023
17:45,00000,1019
16:39,00000,271
11:44,00000,976
12:30,00000,1379
08:24,00000,48
09:20,00000,1024
08:34,00000,15
06:47,00000,2162
17:16,00000,4326
12:16,00000,2807
07:13,00000,557
11:14,00000,2176
12:29,00000,1511
12:03,00000,7942
09:33,00000,362
09:01,00000,8
14:42,00000,57
09:45,00000,25
16:16,00000,26
12:58,00000,123
12:20,00000,2489
17:08,00000,1964
11:56,00000,3250
12:35,00000,551
12:42,00000,203
14:39,00000,7
17:41,00000,1311
14:51,00000,28
13:11,00000,40
14:17,00000,9
12:28,00000,1760
17:01,00000,1206
14:45,00000,67
10:25,00000,102
12:24,00000,2261
11:36,00000,1077
11:54,00000,1715
14:01,00000,21
11:45,00000,892
13:01,00000,101
16:59,00000,977
13:49,00000,15
07:26,00000,237
10:30,00000,44
11:24,00000,1258
11:42,00000,1012
17:17,00000,4385
09:22,00000,1059
17:23,00000,3145
14:53,00000,16
16:37,00000,166
15:27,00000,15
10:16,00000,696
14:52,00000,33
12:32,00000,1058
11:23,00000,1296
17:32,00000,1663
10:55,00000,347
12:26,00000,2047
16:20,00000,21
12:57,00000,112
17:30,00000,1670
15:12,00000,13
17:38,00000,1415
12:44,00000,143
13:04,00000,67
13:03,00000,90
18:02,00000,217
09:30,00000,680
17:15,00000,4018
12:59,00000,122
16:33,00000,129
08:23,00000,47
13:54,00000,85
08:35,00000,11
12:40,00000,242
17:28,00000,1853
17:31,00000,1707
08:54,00000,6
10:42,00000,107
16:51,00000,329
13:05,00000,62
16:53,00000,458
15:00,00000,17
16:43,00000,266
11:09,00000,1432
09:18,00000,865
16:45,00000,255
15:41,00000,66
09:40,00000,28
10:04,00000,17
16:15,00000,30
09:17,00000,791
17:50,00000,714
12:55,00000,126
11:55,00000,2191
17:26,00000,2252
11:33,00000,1108
11:28,00000,1029
15:42,00000,62
09:35,00000,177
15:16,00000,12
13:32,00000,11
09:59,00000,20
09:43,00000,11
16:30,00000,166
06:57,00000,1932
09:42,00000,18
07:00,00000,1626
17:48,00000,709
08:47,00000,5
13:12,00000,42
06:58,00000,1857
14:08,00000,8
10:24,00000,132
06:59,00000,1771
11:39,00000,1088
12:39,00000,287
17:13,00000,3077
15:59,00000,33
17:04,00000,1339
12:25,00000,2159
11:29,00000,1067
17:37,00000,1515
15:36,00000,79
15:49,00000,48
09:21,00000,1092
11:18,00000,2368
12:36,00000,492
14:19,00000,3
08:26,00000,28
12:33,00000,860
17:34,00000,1586
08:33,00000,10
06:43,00000,1662
16:06,00000,27
17:46,00000,948
09:31,00000,608
08:53,00000,6
11:49,00000,874
09:12,00000,627
08:38,00000,4
16:52,00000,396
12:49,00000,119
10:05,00000,15
17:00,00000,1135
18:00,00000,301
15:25,00000,10
10:08,00000,17
09:04,00000,8
16:23,00000,129
07:11,00000,847
11:05,00000,606
07:10,00000,931
16:35,00000,124
11:51,00000,927
16:50,00000,319
17:42,00000,1224
09:13,00000,693
09:36,00000,118
15:30,00000,41
15:34,00000,98
15:50,00000,27
10:13,00000,124
11:15,00000,2358
14:54,00000,11
10:56,00000,336
11:13,00000,1914
11:04,00000,463
10:48,00000,162
15:54,00000,37
08:25,00000,42
16:42,00000,260
11:20,00000,1793
16:27,00000,147
11:21,00000,1597
11:19,00000,2113
10:21,00000,371
13:02,00000,85
12:47,00000,123
17:11,00000,2394
14:50,00000,52
09:52,00000,20
16:55,00000,592
16:09,00000,26
14:00,00000,32
18:07,00000,142
11:12,00000,1738
09:02,00000,8
17:39,00000,1360
16:05,00000,31
14:16,00000,10
07:02,00000,1530
11:37,00000,1181
17:57,00000,351
14:04,00000,5
15:39,00000,93
15:44,00000,36
16:36,00000,144
11:43,00000,1052
15:43,00000,57
10:00,00000,27
06:48,00000,2243
13:08,00000,66
06:54,00000,2313
06:50,00000,2353
17:55,00000,437
13:55,00000,113
13:58,00000,71
11:40,00000,1097
13:07,00000,59
09:09,00000,223
16:34,00000,124
10:38,00000,94
11:22,00000,1459
09:49,00000,20
07:15,00000,483
12:50,00000,113
16:02,00000,26
07:33,00000,67
16:24,00000,151
17:56,00000,396
09:51,00000,15
12:53,00000,97
17:43,00000,1135
15:55,00000,46
17:25,00000,2641
18:01,00000,311
17:06,00000,1573
16:26,00000,172
15:37,00000,74
14:15,00000,6
16:38,00000,189
07:17,00000,373
10:27,00000,44
13:56,00000,63
16:04,00000,28
10:53,00000,301
10:46,00000,98
16:40,00000,244
08:28,00000,21
13:06,00000,63
16:44,00000,238
13:31,00000,13
09:39,00000,28
12:56,00000,113
16:46,00000,274
11:26,00000,1137
11:06,00000,750
13:13,00000,34
06:55,00000,2206
15:23,00000,10
16:49,00000,334
16:01,00000,23
10:44,00000,147
13:39,00000,7
16:18,00000,25
09:03,00000,19
15:29,00000,18
16:57,00000,895
15:56,00000,39
14:49,00000,43
08:32,00000,14
07:03,00000,1401
09:47,00000,25
18:08,00000,117
13:23,00000,18
11:11,00000,1682
08:27,00000,26
16:54,00000,509
15:33,00000,87
13:50,00000,32
15:28,00000,27
15:38,00000,99
15:31,00000,46
08:31,00000,16
17:58,00000,352
09:07,00000,42
09:00,00000,10
18:19,00000,31
16:21,00000,46
06:32,00000,617
15:47,00000,32
10:22,00000,241
10:45,00000,100
10:33,00000,49
17:35,00000,1595
10:31,00000,47
13:10,00000,46
14:03,00000,11
11:16,00000,2421
16:29,00000,159
16:10,00000,23
07:16,00000,399
06:56,00000,2054
11:10,00000,1556
09:37,00000,55
13:38,00000,8
07:05,00000,1428
07:06,00000,1336
08:30,00000,17
17:59,00000,341
15:58,00000,42
08:45,00000,8
15:48,00000,42
13:45,00000,34
14:02,00000,17
14:46,00000,73
10:47,00000,165
13:57,00000,64
08:19,00000,17
08:20,00000,25
14:57,00000,17
16:31,00000,139
16:14,00000,40
16:03,00000,32
16:19,00000,9
11:25,00000,1204
16:00,00000,18
15:32,00000,53
06:51,00000,2383
17:54,00000,507
13:51,00000,32
17:51,00000,613
13:25,00000,11
10:49,00000,203
06:36,00000,787
10:37,00000,72
18:04,00000,156
06:39,00000,1090
10:23,00000,163
16:17,00000,29
14:12,00000,8
14:41,00000,26
06:38,00000,1006
15:11,00000,8
14:47,00000,78
10:01,00000,20
13:44,00000,28
14:21,00000,7
14:55,00000,18
07:18,00000,332
10:57,00000,310
08:11,00000,17
09:48,00000,20
10:35,00000,54
09:38,00000,45
16:11,00000,23
13:36,00000,9
14:14,00000,8
10:12,00000,34
13:00,00000,85
16:47,00000,276
07:35,00000,36
14:43,00000,61
18:05,00000,172
14:38,00000,11
13:24,00000,17
14:56,00000,5
17:53,00000,559
13:53,00000,76
18:11,00000,84
13:30,00000,9
12:52,00000,93
18:06,00000,149
08:58,00000,3
17:03,00000,1403
09:46,00000,14
14:44,00000,80
10:32,00000,34
10:39,00000,88
06:02,00000,4
10:03,00000,16
14:33,00000,4
15:10,00000,13
10:15,00000,506
18:03,00000,183
18:16,00000,43
10:43,00000,112
10:11,00000,22
10:36,00000,68
08:51,00000,2
13:27,00000,12
10:14,00000,277
10:40,00000,103
14:58,00000,22
09:50,00000,27
11:07,00000,914
11:08,00000,1213
18:13,00000,42
15:52,00000,47
16:08,00000,24
07:01,00000,1631
13:22,00000,12
06:45,00000,1938
07:43,00000,23
14:35,00000,13
15:14,00000,11
15:19,00000,9
07:47,00000,17
10:26,00000,59
10:06,00000,12
09:54,00000,16
15:04,00000,17
08:13,00000,7
06:46,00000,2021
11:03,00000,422
13:33,00000,3
13:42,00000,5
09:44,00000,12
18:18,00000,33
13:46,00000,23
13:21,00000,25
07:30,00000,102
14:37,00000,6
15:51,00000,50
09:05,00000,21
07:09,00000,1081
07:29,00000,159
10:52,00000,275
13:18,00000,21
18:09,00000,107
13:20,00000,30
07:07,00000,1281
14:32,00000,3
09:41,00000,14
09:56,00000,18
11:17,00000,2412
06:49,00000,2372
10:09,00000,19
07:21,00000,303
07:20,00000,295
07:12,00000,763
16:07,00000,34
06:26,00000,264
14:13,00000,11
15:35,00000,95
18:12,00000,67
08:04,00000,10
13:48,00000,9
08:55,00000,10
15:21,00000,8
08:42,00000,4
10:50,00000,222
07:24,00000,312
14:59,00000,15
08:10,00000,14
18:10,00000,95
07:27,00000,232
15:15,00000,11
07:32,00000,76
06:40,00000,1199
07:25,00000,266
13:47,00000,14
14:34,00000,7
08:03,00000,11
13:09,00000,64
14:22,00000,4
08:18,00000,15
07:22,00000,327
18:22,00000,19
06:52,00000,2423
11:00,00000,344
06:35,00000,731
08:22,00000,30
09:06,00000,17
15:02,00000,9
08:37,00000,8
14:30,00000,3
07:41,00000,22
08:48,00000,1
07:28,00000,178
18:14,00000,40
06:42,00000,1487
07:48,00000,12
07:23,00000,296
13:14,00000,19
09:08,00000,86
18:17,00000,23
07:56,00000,9
09:57,00000,11
14:24,00000,5
08:16,00000,7
16:13,00000,16
14:07,00000,6
07:31,00000,104
09:58,00000,17
13:16,00000,36
07:19,00000,315
10:02,00000,26
07:14,00000,499
13:43,00000,9
10:54,00000,309
10:59,00000,314
10:51,00000,263
13:28,00000,4
07:40,00000,40
11:02,00000,363
15:24,00000,20
15:20,00000,7
15:26,00000,11
10:29,00000,48
11:01,00000,364
15:09,00000,13
15:05,00000,11
10:58,00000,363
13:41,00000,7
07:51,00000,18
15:03,00000,13
15:08,00000,7
08:09,00000,14
18:24,00000,9
18:15,00000,50
14:09,00000,9
07:55,00000,12
09:53,00000,13
13:26,00000,13
18:21,00000,25
10:41,00000,100
14:40,00000,16
13:37,00000,2
14:36,00000,4
07:49,00000,18
14:06,00000,6
07:53,00000,12
14:27,00000,1
10:07,00000,16
13:17,00000,22
06:34,00000,663
07:34,00000,37
08:14,00000,18
08:07,00000,20
06:29,00000,435
07:58,00000,10
13:19,00000,24
08:59,00000,12
18:20,00000,29
07:50,00000,11
06:41,00000,1438
07:39,00000,22
09:55,00000,11
14:23,00000,4
07:36,00000,32
14:20,00000,5
06:37,00000,923
15:17,00000,6
07:57,00000,15
06:16,00000,82
08:05,00000,5
18:42,00000,7
00:00,00000,21
14:25,00000,5
08:06,00000,10
15:07,00000,5
14:26,00000,3
14:18,00000,5
06:11,00000,35
15:18,00000,5
07:46,00000,13
08:15,00000,6
07:38,00000,27
14:28,00000,10
08:08,00000,9
14:29,00000,2
14:10,00000,9
18:40,00000,17
07:37,00000,40
14:11,00000,9
08:12,00000,8
08:17,00000,7
18:38,00000,12
18:41,00000,10
08:00,00000,7
08:49,00000,3
06:33,00000,613
18:43,00000,3
18:39,00000,16
08:44,00000,4
08:46,00000,1
07:42,00000,13
07:52,00000,14
07:45,00000,13
08:01,00000,9
08:52,00000,4
08:41,00000,1
14:05,00000,3
07:54,00000,11
18:36,00000,4
08:02,00000,6
13:35,00000,5
18:34,00000,1
18:37,00000,11
13:29,00000,7
07:44,00000,13
08:56,00000,5
18:35,00000,4
15:06,00000,7
06:28,00000,357
06:25,00000,218
06:24,00000,234
18:33,00000,1
06:03,00000,4
08:43,00000,2
07:59,00000,8
18:26,00000,4
06:27,00000,313
06:20,00000,150
06:05,00000,9
06:14,00000,61
06:15,00000,72
08:39,00000,3
06:22,00000,214
06:17,00000,97
13:34,00000,7
08:57,00000,3
18:23,00000,5
14:31,00000,6
06:13,00000,82
06:18,00000,119
06:21,00000,190
06:19,00000,147
06:23,00000,203
06:08,00000,18
06:10,00000,30
06:12,00000,55
08:40,00000,2
06:07,00000,8
06:09,00000,20
06:00,00000,3
06:06,00000,7
06:04,00000,6
05:51,00000,2
05:55,00000,1
06:01,00000,3
05:59,00000,2
05:50,00000,1
18:25,00000,4
08:50,00000,1
