studentId,date
13012,20180903
13012,20180904
13012,20180905
13012,20180906
13012,20180910
13012,20180911
13012,20180912
13012,20180914
13012,20180917
13012,20180918
13012,20180919
13012,20180925
13012,20180926
13012,20180927
13012,20180928
13012,20181008
13012,20181009
13012,20181015
13012,20181016
13012,20181017
13012,20181018
13012,20181019
13012,20181022
13012,20181023
13012,20181024
13012,20181025
13012,20181026
13012,20181105
13012,20181106
13012,20181107
13012,20181109
13012,20181114
13012,20181116
13012,20181119
13012,20181120
13012,20181122
13012,20181126
13012,20181128
13012,20181130
13012,20181203
13012,20181204
13012,20181205
13012,20181211
13012,20181212
13012,20181214
13012,20181217
13012,20181218
13012,20181219
13012,20181220
13012,20181221
13012,20181224
13012,20181226
13012,20181227
13012,20181228
13012,20190102
13012,20190107
13012,20190108
13012,20190109
13012,20190110
13012,20190117
13012,20190122
13012,20190123
13012,20190124
13012,20190125
13564,20181031
13564,20190124
13564,20190125
13599,20180920
13599,20180921
13599,20181011
13599,20181012
13599,20181029
13599,20181031
13599,20181106
13599,20181107
13599,20181210
13599,20181218
13599,20181221
13599,20190115
13599,20190122
13599,20190123
13599,20190124
13599,20190125
13685,20180921
13685,20180928
13685,20181012
13685,20181029
13685,20181030
13685,20181031
13685,20181107
13685,20181120
13685,20181126
13685,20181206
13685,20181214
13685,20181227
13685,20190102
13685,20190104
13685,20190116
13685,20190117
13685,20190118
13685,20190122
13685,20190123
13685,20190124
13685,20190125
13947,20181225
13947,20190125
13948,20181031
13948,20190123
13948,20190124
13948,20190125
13949,20181011
13949,20181012
13949,20181031
13949,20181207
13949,20190102
13949,20190103
13949,20190104
13949,20190122
13949,20190123
13949,20190124
13949,20190125
13950,20181012
13950,20181031
13950,20181114
13950,20181227
13950,20181228
13950,20190125
13951,20181016
13951,20181031
13951,20181122
13951,20181205
13951,20190110
13951,20190115
13951,20190116
13951,20190117
13951,20190118
13951,20190122
13951,20190123
13951,20190124
13951,20190125
13952,20180903
13952,20180920
13952,20180921
13952,20181011
13952,20181012
13952,20181031
13952,20181210
13952,20181211
13952,20181213
13952,20181218
13952,20190124
13952,20190125
13953,20181031
13953,20190123
13953,20190125
13955,20180918
13955,20180921
13955,20181012
13955,20181024
13955,20181031
13955,20181129
13955,20181213
13955,20190124
13955,20190125
13956,20180903
13956,20180904
13956,20180905
13956,20180906
13956,20180910
13956,20180911
13956,20180912
13956,20180913
13956,20180914
13956,20180917
13956,20180918
13956,20180919
13956,20180920
13956,20180921
13956,20180925
13956,20180926
13956,20180927
13956,20180928
13956,20181008
13956,20181009
13956,20181010
13956,20181011
13956,20181012
13956,20181015
13956,20181016
13956,20181017
13956,20181018
13956,20181019
13956,20181022
13956,20181023
13956,20181024
13956,20181025
13956,20181026
13956,20181029
13956,20181030
13956,20181031
13956,20181105
13956,20181106
13956,20181107
13956,20181108
13956,20181109
13956,20181112
13956,20181114
13956,20181115
13956,20181116
13956,20181119
13956,20181120
13956,20181121
13956,20181122
13956,20181123
13956,20181126
13956,20181127
13956,20181128
13956,20181129
13956,20181130
13956,20181203
13956,20181204
13956,20181205
13956,20181206
13956,20181207
13956,20181210
13956,20181211
13956,20181212
13956,20181213
13956,20181214
13956,20181217
13956,20181218
13956,20181219
13956,20181220
13956,20181221
13956,20181224
13956,20181225
13956,20181226
13956,20181227
13956,20181228
13956,20190102
13956,20190103
13956,20190104
13956,20190107
13956,20190108
13956,20190109
13956,20190110
13956,20190115
13956,20190116
13956,20190117
13956,20190118
13956,20190122
13956,20190123
13956,20190124
13956,20190125
13957,20181031
13957,20181105
13957,20190125
13958,20180910
13958,20180921
13958,20181011
13958,20181029
13958,20181030
13958,20181031
13958,20181113
13958,20181115
13958,20181126
13958,20181130
13958,20181205
13958,20181211
13958,20181212
13958,20181218
13958,20181225
13958,20190108
13958,20190115
13958,20190123
13958,20190124
13958,20190125
13959,20180918
13959,20181031
13959,20190124
13959,20190125
13960,20180903
13960,20180904
13960,20180905
13960,20180914
13960,20180917
13960,20180918
13960,20180919
13960,20180920
13960,20180921
13960,20180926
13960,20180927
13960,20180928
13960,20181008
13960,20181011
13960,20181012
13960,20181016
13960,20181017
13960,20181018
13960,20181019
13960,20181022
13960,20181023
13960,20181024
13960,20181025
13960,20181026
13960,20181031
13960,20181112
13960,20181115
13960,20181123
13960,20181203
13960,20181204
13960,20181205
13960,20181217
13960,20190103
13960,20190104
13960,20190107
13960,20190108
13960,20190109
13960,20190110
13960,20190115
13960,20190117
13960,20190122
13960,20190123
13960,20190124
13960,20190125
13961,20180906
13961,20181019
13961,20181026
13961,20181031
13961,20181116
13961,20190104
13961,20190123
13961,20190124
13961,20190125
13963,20190125
13964,20180921
13964,20180928
13964,20181009
13964,20181012
13964,20181031
13964,20181107
13964,20190110
13964,20190115
13964,20190116
13964,20190117
13964,20190118
13964,20190122
13964,20190123
13964,20190124
13964,20190125
13965,20181031
13965,20190124
13965,20190125
13966,20180912
13966,20180913
13966,20181009
13966,20181015
13966,20181026
13966,20181031
13966,20181127
13966,20181205
13966,20181221
13966,20190125
13967,20180903
13967,20180904
13967,20180905
13967,20180906
13967,20180910
13967,20180911
13967,20180912
13967,20180913
13967,20180914
13967,20180917
13967,20180918
13967,20180919
13967,20180920
13967,20180921
13967,20180925
13967,20180926
13967,20180927
13967,20180928
13967,20181008
13967,20181009
13967,20181010
13967,20181011
13967,20181012
13967,20181015
13967,20181016
13967,20181017
13967,20181018
13967,20181019
13967,20181022
13967,20181023
13967,20181024
13967,20181025
13967,20181026
13967,20181029
13967,20181030
13967,20181031
13967,20181105
13967,20181106
13967,20181107
13967,20181108
13967,20181109
13967,20181112
13967,20181113
13967,20181114
13967,20181115
13967,20181116
13967,20181119
13967,20181120
13967,20181121
13967,20181122
13967,20181123
13967,20181126
13967,20181127
13967,20181128
13967,20181129
13967,20181130
13967,20181203
13967,20181204
13967,20181205
13967,20181206
13967,20181207
13967,20181210
13967,20181211
13967,20181212
13967,20181214
13967,20181217
13967,20181218
13967,20181219
13967,20181220
13967,20181221
13967,20181224
13967,20181225
13967,20181226
13967,20181227
13967,20181228
13967,20190102
13967,20190103
13967,20190104
13967,20190107
13967,20190108
13967,20190109
13967,20190110
13967,20190115
13967,20190116
13967,20190117
13967,20190118
13967,20190122
13967,20190123
13967,20190124
13967,20190125
13968,20181031
13968,20181108
13968,20181221
13968,20190107
13968,20190109
13968,20190124
13968,20190125
13969,20181031
13969,20181115
13969,20181211
13969,20181212
13969,20181213
13969,20190125
13970,20180906
13970,20181012
13970,20181031
13970,20190125
13971,20180903
13971,20180904
13971,20180905
13971,20180906
13971,20180910
13971,20180911
13971,20180912
13971,20180913
13971,20180914
13971,20180917
13971,20180918
13971,20180919
13971,20180920
13971,20180921
13971,20180925
13971,20180926
13971,20180927
13971,20180928
13971,20181008
13971,20181009
13971,20181010
13971,20181011
13971,20181012
13971,20181015
13971,20181016
13971,20181017
13971,20181018
13971,20181019
13971,20181022
13971,20181023
13971,20181024
13971,20181025
13971,20181026
13971,20181029
13971,20181030
13971,20181031
13971,20181105
13971,20181106
13971,20181107
13971,20181108
13971,20181109
13971,20181112
13971,20181113
13971,20181114
13971,20181115
13971,20181116
13971,20181119
13971,20181120
13971,20181121
13971,20181122
13971,20181123
13971,20181126
13971,20181127
13971,20181128
13971,20181129
13971,20181130
13971,20181203
13971,20181204
13971,20181205
13971,20181206
13971,20181207
13971,20181210
13971,20181211
13971,20181212
13971,20181213
13971,20181214
13971,20181217
13971,20190110
13971,20190123
13971,20190124
13971,20190125
13972,20180925
13972,20181008
13972,20181031
13972,20190117
13972,20190125
13973,20180920
13973,20181011
13973,20181031
13973,20181112
13973,20181128
13973,20190115
13973,20190123
13973,20190124
13973,20190125
13974,20181031
13974,20181217
13974,20190118
13974,20190124
13974,20190125
13975,20181031
13975,20181210
13975,20181221
13975,20181226
13975,20190109
13975,20190125
13976,20180920
13976,20180921
13976,20181011
13976,20181012
13976,20181031
13976,20181220
13976,20181224
13976,20181225
13976,20190118
13976,20190122
13976,20190123
13976,20190124
13976,20190125
13977,20181017
13977,20181031
13977,20181119
13977,20181128
13977,20181129
13977,20181210
13977,20181211
13977,20181212
13977,20181213
13977,20181214
13977,20181217
13977,20181218
13977,20181219
13977,20181220
13977,20181221
13977,20181224
13977,20181225
13977,20181226
13977,20181227
13977,20181228
13977,20190102
13977,20190103
13977,20190104
13977,20190107
13977,20190108
13977,20190109
13977,20190110
13977,20190115
13977,20190116
13977,20190117
13977,20190118
13977,20190122
13977,20190123
13977,20190124
13977,20190125
13978,20180921
13978,20181008
13978,20181012
13978,20181022
13978,20181031
13978,20181220
13978,20190124
13978,20190125
13979,20180904
13979,20180910
13979,20180913
13979,20181011
13979,20181031
13979,20181106
13979,20181113
13979,20190123
13979,20190124
13979,20190125
13980,20181030
13980,20181031
13980,20181108
13980,20181207
13980,20181210
13980,20181211
13980,20181221
13980,20190123
13980,20190124
13980,20190125
13981,20181031
13981,20181114
13981,20181128
13981,20190124
13981,20190125
13982,20180921
13982,20181030
13982,20181031
13982,20190124
13982,20190125
13983,20181031
13983,20181210
13983,20190124
13983,20190125
13984,20181018
13984,20181019
13984,20181031
13984,20181203
13984,20181204
13984,20181220
13984,20190102
13984,20190123
13984,20190125
13985,20180920
13985,20180921
13985,20181012
13985,20181031
13985,20181112
13985,20181115
13985,20181120
13985,20190123
13985,20190125
13986,20180921
13986,20181012
13986,20181026
13986,20181031
13986,20181108
13986,20181109
13986,20181112
13986,20181113
13986,20181114
13986,20181115
13986,20181116
13986,20181203
13986,20181204
13986,20181205
13986,20181206
13986,20181207
13986,20181210
13986,20181211
13986,20181212
13986,20181213
13986,20181214
13986,20181217
13986,20181218
13986,20181219
13986,20181220
13986,20181221
13986,20190125
13987,20190122
13987,20190124
13987,20190125
13988,20180914
13988,20181031
13988,20181108
13988,20181119
13988,20190122
13988,20190124
13988,20190125
13989,20180904
13989,20180920
13989,20180921
13989,20181012
13989,20181031
13989,20181112
13989,20181214
13989,20181220
13989,20190123
13989,20190125
13990,20181109
13990,20181129
13990,20190125
13991,20180913
13991,20180914
13991,20181010
13991,20181022
13991,20181205
13991,20181214
13991,20181221
13991,20181224
13991,20181228
13991,20190118
13992,20190125
13993,20181031
13994,20180919
13994,20180920
13994,20181011
13994,20181012
13994,20181031
13994,20181114
13994,20181121
13994,20190123
13994,20190124
13994,20190125
13995,20181031
13995,20181212
13995,20181224
13995,20190124
13995,20190125
13996,20180917
13996,20180918
13996,20180920
13996,20180921
13996,20181011
13996,20181012
13996,20181030
13996,20181031
13996,20181106
13996,20181107
13996,20181114
13996,20181120
13996,20181127
13996,20181205
13996,20181206
13996,20181214
13996,20181217
13996,20181219
13996,20181226
13996,20190102
13996,20190115
13996,20190123
13996,20190124
13996,20190125
13997,20180912
13997,20180920
13997,20181011
13997,20181031
13997,20181105
13997,20181112
13997,20181114
13997,20181126
13997,20181205
13997,20181210
13997,20181217
13997,20181226
13997,20190109
13997,20190110
13997,20190118
13997,20190122
13997,20190123
13997,20190124
13997,20190125
13998,20180920
13998,20181011
13998,20181026
13998,20181031
13998,20190123
13998,20190124
13998,20190125
13999,20190125
14000,20181031
14000,20181105
14000,20181109
14000,20181213
14000,20190102
14000,20190123
14000,20190124
14000,20190125
14001,20181031
14001,20190125
14002,20181031
14002,20181112
14002,20181113
14002,20181114
14002,20190109
14002,20190125
14003,20181031
14003,20181126
14003,20181206
14003,20181207
14003,20190124
14003,20190125
14004,20181031
14004,20181128
14004,20181228
14004,20190124
14004,20190125
14005,20181031
14005,20181114
14005,20181115
14005,20181116
14005,20181119
14005,20181120
14005,20181121
14005,20181122
14005,20181123
14005,20181126
14005,20181127
14005,20181128
14005,20181129
14005,20181130
14005,20181203
14005,20181204
14005,20181205
14005,20181206
14005,20181207
14005,20181211
14005,20181212
14005,20181213
14005,20181214
14005,20181220
14005,20181221
14005,20181226
14005,20181228
14005,20190103
14005,20190104
14005,20190107
14005,20190108
14005,20190110
14005,20190115
14005,20190118
14005,20190125
14006,20180919
14006,20180928
14006,20181010
14006,20181019
14006,20181023
14006,20181025
14006,20181031
14006,20181107
14006,20181109
14006,20181113
14006,20181127
14006,20181203
14006,20181213
14006,20181218
14006,20181220
14006,20181224
14006,20181225
14006,20181226
14006,20190117
14006,20190123
14007,20180903
14007,20180912
14007,20180914
14007,20180918
14007,20180919
14007,20180927
14007,20181009
14007,20181010
14007,20181022
14007,20181023
14007,20181029
14007,20181030
14007,20181031
14007,20181108
14007,20181112
14007,20181113
14007,20181116
14007,20181121
14007,20181122
14007,20181123
14007,20181128
14007,20181205
14007,20190104
14007,20190125
14008,20180914
14008,20180925
14008,20181026
14008,20181031
14008,20190125
14009,20181031
14009,20190104
14009,20190124
14009,20190125
14010,20180928
14010,20181029
14010,20181030
14010,20181031
14010,20181106
14010,20181128
14010,20181130
14010,20190102
14010,20190103
14010,20190104
14010,20190124
14010,20190125
14011,20180921
14011,20181012
14011,20181031
14011,20190123
14011,20190125
14012,20181008
14012,20181031
14012,20181113
14012,20181207
14012,20181212
14012,20190125
14013,20180920
14013,20180921
14013,20181011
14013,20181012
14013,20181031
14013,20190110
14013,20190123
14013,20190124
14013,20190125
14014,20181031
14014,20181115
14014,20190125
14015,20180904
14015,20180905
14015,20181031
14015,20181113
14015,20181212
14015,20181225
14015,20190125
14016,20181012
14016,20181015
14016,20181031
14016,20181115
14016,20181214
14016,20190122
14016,20190123
14016,20190124
14016,20190125
14017,20180920
14017,20180921
14017,20181011
14017,20181012
14017,20181019
14017,20181030
14017,20181031
14017,20190122
14017,20190123
14017,20190124
14017,20190125
14019,20180920
14019,20181031
14019,20190123
14019,20190125
14020,20180921
14020,20181012
14020,20181031
14020,20181107
14020,20181112
14020,20181113
14020,20181114
14020,20181115
14020,20181116
14020,20181127
14020,20181214
14020,20190104
14020,20190123
14020,20190124
14020,20190125
14021,20180920
14021,20181010
14021,20181031
14021,20181106
14021,20181107
14021,20181113
14021,20181115
14021,20181219
14021,20190123
14021,20190125
14022,20181026
14022,20181030
14022,20181031
14022,20181119
14022,20181206
14022,20190124
14022,20190125
14023,20180919
14023,20180921
14023,20181012
14023,20181031
14023,20181114
14023,20181129
14023,20181214
14023,20181224
14023,20190122
14023,20190123
14023,20190124
14023,20190125
14024,20181031
14024,20181105
14024,20181109
14024,20181130
14024,20190123
14024,20190124
14024,20190125
14025,20181031
14025,20190123
14025,20190125
14026,20180921
14026,20181012
14026,20181031
14026,20190125
14027,20180917
14027,20180919
14027,20180920
14027,20180921
14027,20181008
14027,20181017
14027,20181018
14027,20181025
14027,20181026
14027,20181031
14027,20181109
14027,20181122
14027,20181123
14027,20181221
14027,20181224
14027,20181228
14027,20190104
14027,20190108
14027,20190109
14027,20190123
14027,20190125
14028,20180914
14028,20180918
14028,20181010
14028,20181011
14028,20181023
14028,20181024
14028,20181025
14028,20181030
14028,20181031
14028,20181207
14028,20190123
14028,20190125
14029,20181031
14029,20181108
14029,20190117
14029,20190123
14029,20190124
14029,20190125
14030,20181031
14030,20190125
14032,20180920
14032,20181011
14032,20181031
14032,20181107
14032,20190122
14032,20190123
14032,20190124
14032,20190125
14033,20181011
14033,20181031
14033,20181115
14033,20190124
14033,20190125
14034,20181031
14034,20190122
14034,20190123
14034,20190124
14034,20190125
14035,20181031
14035,20190117
14035,20190125
14036,20181029
14036,20181031
14036,20190124
14036,20190125
14038,20180921
14038,20181031
14038,20181108
14038,20181224
14038,20181228
14038,20190124
14038,20190125
14039,20180903
14039,20180921
14039,20180928
14039,20181010
14039,20181012
14039,20181030
14039,20181031
14039,20181120
14039,20181121
14039,20181220
14039,20190103
14039,20190116
14039,20190118
14039,20190124
14039,20190125
14040,20180921
14040,20181012
14040,20181031
14040,20181221
14040,20190124
14040,20190125
14041,20180920
14041,20181031
14041,20181113
14041,20181114
14041,20190116
14041,20190124
14042,20180906
14042,20180910
14042,20180913
14042,20180914
14042,20180917
14042,20180919
14042,20180920
14042,20181022
14042,20181030
14042,20181031
14042,20181114
14042,20181119
14042,20181207
14042,20190115
14042,20190123
14042,20190124
14042,20190125
14043,20180925
14043,20180926
14043,20180927
14043,20180928
14043,20181009
14043,20181031
14043,20181105
14043,20181114
14043,20181203
14043,20181218
14043,20181219
14043,20181224
14043,20181225
14043,20181227
14043,20190104
14043,20190107
14043,20190123
14043,20190124
14043,20190125
14044,20181031
14044,20181121
14044,20190125
14045,20180925
14045,20181019
14045,20181022
14045,20181026
14045,20181029
14045,20181031
14045,20181114
14045,20190108
14045,20190125
14047,20180920
14047,20180921
14047,20181031
14047,20190125
14048,20180921
14048,20181012
14048,20181024
14048,20181026
14048,20181030
14048,20181031
14048,20181106
14048,20181224
14048,20190124
14048,20190125
14049,20190115
14049,20190123
14049,20190125
14050,20180917
14050,20181015
14050,20181016
14050,20181019
14050,20181029
14050,20181106
14050,20181114
14050,20181115
14050,20181119
14050,20181120
14050,20181126
14050,20181129
14050,20181130
14050,20181203
14050,20181204
14050,20181205
14050,20181210
14050,20181212
14050,20181213
14050,20181214
14050,20181217
14050,20181218
14050,20181224
14050,20181225
14050,20181226
14050,20181227
14050,20181228
14050,20190102
14050,20190103
14050,20190104
14050,20190107
14050,20190108
14050,20190109
14050,20190110
14050,20190116
14050,20190117
14050,20190122
14050,20190123
14050,20190124
14050,20190125
14051,20180921
14051,20181012
14051,20181024
14051,20181025
14051,20181029
14051,20181031
14051,20181107
14051,20181115
14051,20181121
14051,20181204
14051,20181214
14051,20190125
14052,20180920
14052,20180921
14052,20181011
14052,20181012
14052,20181018
14052,20181031
14052,20181112
14052,20181113
14052,20181116
14052,20181220
14052,20190122
14052,20190123
14052,20190124
14052,20190125
14053,20181025
14053,20181031
14053,20190123
14053,20190124
14053,20190125
14054,20181011
14054,20181012
14054,20181015
14054,20181016
14054,20181017
14054,20181024
14054,20181031
14054,20181105
14054,20181106
14054,20181121
14054,20181128
14054,20181204
14054,20181205
14054,20181207
14054,20181226
14054,20190124
14054,20190125
14055,20180928
14055,20181010
14055,20181012
14055,20181025
14055,20181029
14055,20181031
14055,20181121
14055,20181122
14055,20181123
14055,20181126
14055,20181127
14055,20181128
14055,20181129
14055,20181130
14055,20181203
14055,20181204
14055,20181205
14055,20181206
14055,20181207
14055,20181210
14055,20181211
14055,20181212
14055,20181213
14055,20181214
14055,20181217
14055,20181218
14055,20181219
14055,20181220
14055,20181221
14055,20181224
14055,20181225
14055,20181226
14055,20181227
14055,20181228
14055,20190102
14055,20190103
14055,20190104
14055,20190124
14055,20190125
14056,20181012
14056,20181030
14056,20181031
14056,20181115
14056,20181123
14056,20181228
14056,20190124
14056,20190125
14057,20190107
14057,20190118
14057,20190124
14057,20190125
14058,20180912
14058,20180914
14058,20180920
14058,20180921
14058,20181031
14058,20181106
14058,20181206
14058,20181212
14058,20190108
14058,20190123
14058,20190124
14058,20190125
14059,20180905
14059,20180919
14059,20180920
14059,20181009
14059,20181026
14059,20181031
14059,20181114
14059,20181210
14059,20181211
14059,20190107
14059,20190115
14059,20190123
14059,20190124
14059,20190125
14060,20180910
14060,20180913
14060,20180921
14060,20180927
14060,20181012
14060,20181015
14060,20181016
14060,20181023
14060,20181031
14060,20181112
14060,20181113
14060,20181122
14060,20190104
14060,20190107
14060,20190116
14060,20190122
14060,20190124
14060,20190125
14061,20180911
14061,20180913
14061,20180919
14061,20181008
14061,20181009
14061,20181010
14061,20181012
14061,20181015
14061,20181016
14061,20181017
14061,20181018
14061,20181019
14061,20181022
14061,20181023
14061,20181024
14061,20181025
14061,20181026
14061,20181029
14061,20181030
14061,20181031
14061,20181116
14061,20181128
14061,20181129
14061,20181220
14061,20190103
14061,20190104
14061,20190110
14061,20190117
14061,20190123
14061,20190125
14062,20180921
14062,20180927
14062,20181012
14062,20181031
14062,20181105
14062,20181107
14062,20181109
14062,20181204
14062,20181214
14062,20181225
14062,20190109
14062,20190124
14062,20190125
14063,20180905
14063,20180921
14063,20180925
14063,20181012
14063,20181018
14063,20181031
14063,20181108
14063,20181109
14063,20181121
14063,20181206
14063,20181218
14063,20181226
14063,20190115
14063,20190122
14063,20190125
14064,20180918
14064,20180927
14064,20181010
14064,20181011
14064,20181018
14064,20181019
14064,20181024
14064,20181025
14064,20181031
14064,20181108
14064,20181109
14064,20181113
14064,20181114
14064,20181115
14064,20181128
14064,20181210
14064,20181213
14064,20181217
14064,20181219
14064,20181221
14064,20181227
14064,20181228
14064,20190102
14064,20190109
14064,20190110
14064,20190115
14064,20190116
14064,20190117
14064,20190122
14064,20190123
14064,20190124
14064,20190125
14065,20180920
14065,20181015
14065,20181031
14065,20181107
14065,20181119
14065,20181212
14065,20181226
14065,20190108
14065,20190110
14065,20190117
14065,20190118
14065,20190125
14066,20180921
14066,20181012
14066,20181031
14066,20181221
14066,20190123
14066,20190124
14066,20190125
14067,20180921
14067,20181113
14067,20181114
14067,20181225
14067,20181227
14067,20190102
14067,20190103
14067,20190123
14067,20190125
14068,20180914
14068,20180921
14068,20181012
14068,20181015
14068,20181031
14068,20181226
14068,20190122
14068,20190125
14069,20180910
14069,20181031
14069,20181105
14069,20181113
14069,20190122
14069,20190125
14070,20180913
14070,20180920
14070,20180925
14070,20181018
14070,20181024
14070,20181030
14070,20181031
14070,20181113
14070,20181123
14070,20181213
14070,20181220
14070,20181227
14070,20190103
14070,20190110
14070,20190118
14070,20190125
14071,20181019
14071,20181029
14071,20181031
14071,20181109
14071,20181113
14071,20181115
14071,20181123
14071,20181210
14071,20181227
14071,20190123
14071,20190125
14072,20181019
14072,20181022
14072,20181031
14072,20181105
14072,20181211
14072,20181212
14072,20190104
14072,20190124
14072,20190125
14073,20180926
14073,20181015
14073,20181031
14073,20181213
14073,20181225
14073,20181226
14073,20181227
14073,20190102
14073,20190107
14073,20190115
14073,20190116
14073,20190118
14073,20190122
14073,20190123
14073,20190124
14073,20190125
14074,20180921
14074,20181008
14074,20181009
14074,20181010
14074,20181011
14074,20181012
14074,20181015
14074,20181016
14074,20181019
14074,20181031
14074,20181217
14074,20190115
14074,20190116
14074,20190117
14074,20190118
14074,20190122
14074,20190125
14075,20181012
14075,20181031
14075,20181107
14075,20190110
14075,20190124
14075,20190125
14076,20180903
14076,20180904
14076,20180905
14076,20180906
14076,20180910
14076,20180911
14076,20180912
14076,20180913
14076,20180914
14076,20180917
14076,20180918
14076,20180919
14076,20180920
14076,20180921
14076,20180925
14076,20180926
14076,20180927
14076,20180928
14076,20181008
14076,20181009
14076,20181011
14076,20181012
14076,20181015
14076,20181016
14076,20181017
14076,20181018
14076,20181019
14076,20181022
14076,20181023
14076,20181024
14076,20181025
14076,20181029
14076,20181030
14076,20181031
14076,20181105
14076,20181106
14076,20181107
14076,20181108
14076,20181109
14076,20181112
14076,20181113
14076,20181114
14076,20181115
14076,20181116
14076,20181119
14076,20181121
14076,20181122
14076,20181123
14076,20181126
14076,20181127
14076,20181128
14076,20181129
14076,20181203
14076,20181204
14076,20181205
14076,20181207
14076,20181210
14076,20181211
14076,20181212
14076,20181213
14076,20181214
14076,20181217
14076,20181219
14076,20181220
14076,20181221
14076,20181224
14076,20181225
14076,20181226
14076,20181228
14076,20190102
14076,20190103
14076,20190104
14076,20190107
14076,20190108
14076,20190109
14076,20190110
14076,20190115
14076,20190116
14076,20190117
14076,20190118
14076,20190122
14076,20190123
14076,20190124
14076,20190125
14077,20181011
14077,20181031
14077,20181113
14077,20181114
14077,20181128
14077,20190103
14077,20190104
14077,20190123
14077,20190125
14078,20180918
14078,20180919
14078,20180920
14078,20180921
14078,20180925
14078,20181008
14078,20181010
14078,20181012
14078,20181017
14078,20181018
14078,20181019
14078,20181022
14078,20181023
14078,20181024
14078,20181025
14078,20181026
14078,20181029
14078,20181030
14078,20181031
14078,20181115
14078,20181121
14078,20181123
14078,20190122
14078,20190123
14078,20190124
14078,20190125
14079,20180912
14079,20180921
14079,20180928
14079,20181012
14079,20181018
14079,20181029
14079,20181030
14079,20181031
14079,20181107
14079,20181228
14079,20190123
14079,20190124
14079,20190125
14080,20180920
14080,20181011
14080,20181018
14080,20181019
14080,20181031
14080,20181107
14080,20181116
14080,20181214
14080,20181227
14080,20190118
14080,20190123
14080,20190125
14081,20180912
14081,20180925
14081,20180928
14081,20181008
14081,20181009
14081,20181010
14081,20181025
14081,20181026
14081,20181029
14081,20181031
14081,20181105
14081,20190115
14081,20190122
14081,20190123
14081,20190124
14081,20190125
14082,20180912
14082,20180913
14082,20180914
14082,20180921
14082,20180926
14082,20180928
14082,20181031
14082,20181105
14082,20181106
14082,20181109
14082,20181112
14082,20181119
14082,20181120
14082,20190115
14082,20190122
14082,20190123
14082,20190124
14082,20190125
14083,20181022
14083,20181031
14083,20181217
14083,20181218
14083,20181219
14083,20190125
14084,20181019
14084,20181029
14084,20181030
14084,20181031
14084,20190122
14084,20190124
14084,20190125
14085,20180921
14085,20181011
14085,20181012
14085,20181031
14085,20181113
14085,20181129
14085,20181210
14085,20181211
14085,20181212
14085,20190124
14085,20190125
14086,20180920
14086,20181012
14086,20181026
14086,20181115
14086,20190123
14086,20190124
14086,20190125
14087,20180925
14087,20180926
14087,20180927
14087,20180928
14087,20181031
14087,20181217
14087,20181221
14087,20190102
14087,20190122
14087,20190123
14087,20190124
14087,20190125
14088,20180905
14088,20180912
14088,20180918
14088,20180920
14088,20180927
14088,20181022
14088,20181025
14088,20181029
14088,20181030
14088,20181031
14088,20181112
14088,20181123
14088,20181217
14088,20190107
14088,20190125
14089,20180903
14089,20180904
14089,20180905
14089,20180906
14089,20180910
14089,20180911
14089,20180912
14089,20180913
14089,20180914
14089,20180917
14089,20180918
14089,20180919
14089,20180920
14089,20180921
14089,20180925
14089,20180926
14089,20180927
14089,20180928
14089,20181008
14089,20181009
14089,20181010
14089,20181011
14089,20181012
14089,20181015
14089,20181016
14089,20181017
14089,20181018
14089,20181019
14089,20181022
14089,20181023
14089,20181024
14089,20181025
14089,20181026
14089,20181029
14089,20181030
14089,20181031
14089,20181105
14089,20181106
14089,20181107
14089,20181108
14089,20181109
14089,20181112
14089,20181113
14089,20181114
14089,20181115
14089,20181116
14089,20181119
14089,20181120
14089,20181121
14089,20181122
14089,20181123
14089,20181126
14089,20181127
14089,20181128
14089,20181129
14089,20181130
14089,20181203
14089,20181204
14089,20181205
14089,20181206
14089,20181207
14089,20181210
14089,20181211
14089,20181212
14089,20181213
14089,20181214
14089,20181217
14089,20181218
14089,20181219
14089,20181220
14089,20181221
14089,20181224
14089,20181225
14089,20181226
14089,20181227
14089,20181228
14089,20190102
14089,20190103
14089,20190104
14089,20190107
14089,20190108
14089,20190109
14089,20190110
14089,20190115
14089,20190116
14089,20190117
14089,20190118
14089,20190122
14089,20190123
14089,20190124
14089,20190125
14090,20181031
14090,20181113
14090,20190103
14090,20190118
14090,20190123
14090,20190124
14090,20190125
14091,20181031
14091,20190123
14091,20190124
14091,20190125
14092,20181031
14092,20190125
14093,20180919
14093,20180921
14093,20181010
14093,20181012
14093,20181015
14093,20181023
14093,20181029
14093,20181031
14093,20181113
14093,20181114
14093,20181115
14093,20181116
14093,20181128
14093,20181214
14093,20181218
14093,20190109
14093,20190110
14093,20190125
14094,20180910
14094,20180911
14094,20180912
14094,20180913
14094,20180914
14094,20180917
14094,20180918
14094,20180919
14094,20180920
14094,20180921
14094,20180925
14094,20180926
14094,20180927
14094,20180928
14094,20181023
14094,20181031
14094,20181107
14094,20181108
14094,20181109
14094,20181112
14094,20181113
14094,20181114
14094,20181115
14094,20181116
14094,20181119
14094,20181120
14094,20181121
14094,20181122
14094,20181123
14094,20181126
14094,20181127
14094,20181128
14094,20181129
14094,20181130
14094,20181204
14094,20181205
14094,20181206
14094,20181207
14094,20181210
14094,20181211
14094,20181212
14094,20181213
14094,20181214
14094,20181217
14094,20181218
14094,20181219
14094,20181220
14094,20181221
14094,20181224
14094,20181225
14094,20181226
14094,20181227
14094,20181228
14094,20190102
14094,20190124
14094,20190125
14095,20180921
14095,20181009
14095,20181010
14095,20181011
14095,20181012
14095,20181031
14095,20181106
14095,20181114
14095,20181119
14095,20181121
14095,20181122
14095,20181129
14095,20181211
14095,20181212
14095,20181213
14095,20181214
14095,20181217
14095,20181218
14095,20181219
14095,20181220
14095,20181221
14095,20181226
14095,20190103
14095,20190110
14095,20190124
14095,20190125
14096,20180914
14096,20180921
14096,20181012
14096,20181031
14096,20181207
14096,20190118
14096,20190122
14096,20190124
14096,20190125
14097,20181031
14097,20190124
14097,20190125
14098,20180903
14098,20180911
14098,20181030
14098,20181031
14098,20181105
14098,20181115
14098,20181116
14098,20181122
14098,20181130
14098,20181205
14098,20181206
14098,20181228
14098,20190118
14098,20190124
14098,20190125
14100,20181031
14100,20181228
14100,20190125
14101,20181031
14101,20181205
14101,20181206
14101,20181210
14101,20181212
14101,20181213
14101,20181217
14101,20181218
14101,20181221
14101,20181225
14101,20181226
14101,20190102
14101,20190108
14101,20190109
14101,20190116
14101,20190125
14102,20180914
14102,20180920
14102,20181011
14102,20181031
14102,20181217
14102,20190123
14102,20190124
14102,20190125
14103,20181009
14103,20181031
14103,20181210
14103,20190104
14103,20190124
14103,20190125
14104,20181031
14104,20181123
14104,20181214
14104,20190124
14104,20190125
14105,20180921
14105,20181011
14105,20181012
14105,20181022
14105,20181031
14105,20181107
14105,20181115
14105,20181121
14105,20181128
14105,20181205
14105,20181212
14105,20181214
14105,20181217
14105,20181219
14105,20190117
14105,20190124
14105,20190125
14106,20181031
14106,20181105
14106,20181106
14106,20190125
14107,20181012
14107,20181031
14107,20190122
14107,20190124
14107,20190125
14108,20180917
14108,20180927
14108,20181012
14108,20181017
14108,20181024
14108,20181025
14108,20181031
14108,20181113
14108,20181114
14108,20181221
14108,20190110
14108,20190124
14108,20190125
14109,20181024
14109,20181031
14109,20190107
14109,20190123
14109,20190124
14109,20190125
14110,20181031
14110,20181115
14110,20181219
14110,20190115
14110,20190116
14110,20190117
14110,20190118
14110,20190122
14110,20190123
14110,20190124
14110,20190125
14111,20181012
14111,20181031
14111,20181228
14111,20190115
14111,20190125
14112,20180921
14112,20181012
14112,20181031
14112,20181205
14112,20181214
14112,20190124
14112,20190125
14113,20181031
14113,20181115
14113,20181214
14113,20181218
14113,20190124
14113,20190125
14114,20181031
14114,20181122
14114,20190115
14114,20190123
14114,20190124
14114,20190125
14115,20180905
14115,20181015
14115,20181025
14115,20181031
14115,20181204
14115,20181210
14115,20181212
14115,20190122
14115,20190123
14115,20190124
14115,20190125
14116,20181031
14116,20181105
14116,20181106
14116,20181107
14116,20181108
14116,20181109
14116,20181112
14116,20181113
14116,20181114
14116,20181115
14116,20181116
14116,20181119
14116,20181120
14116,20181121
14116,20181122
14116,20181123
14116,20181126
14116,20181127
14116,20181128
14116,20181129
14116,20181130
14116,20181203
14116,20181204
14116,20181205
14116,20181206
14116,20181207
14116,20181210
14116,20181211
14116,20181212
14116,20181213
14116,20181214
14116,20190104
14116,20190108
14116,20190109
14116,20190110
14116,20190115
14116,20190125
14117,20180920
14117,20180921
14117,20181011
14117,20181012
14117,20181031
14117,20181115
14117,20181122
14117,20190102
14117,20190123
14117,20190124
14117,20190125
14118,20180903
14118,20180905
14118,20180906
14118,20180910
14118,20180911
14118,20180912
14118,20180913
14118,20180914
14118,20180917
14118,20180918
14118,20180919
14118,20180920
14118,20180921
14118,20180925
14118,20180926
14118,20180927
14118,20180928
14118,20181008
14118,20181009
14118,20181010
14118,20181011
14118,20181012
14118,20181015
14118,20181016
14118,20181017
14118,20181018
14118,20181019
14118,20181022
14118,20181023
14118,20181024
14118,20181025
14118,20181026
14118,20181029
14118,20181030
14118,20181031
14118,20181105
14118,20181106
14118,20181107
14118,20181108
14118,20181109
14118,20181112
14118,20181113
14118,20181114
14118,20181115
14118,20181116
14118,20181119
14118,20181120
14118,20181121
14118,20181122
14118,20181123
14118,20181126
14118,20181127
14118,20181128
14118,20181129
14118,20181130
14118,20181203
14118,20181204
14118,20181205
14118,20181206
14118,20181207
14118,20181210
14118,20181211
14118,20181212
14118,20181213
14118,20181214
14118,20181217
14118,20181218
14118,20181219
14118,20181220
14118,20181221
14118,20181224
14118,20181225
14118,20181226
14118,20181227
14118,20181228
14118,20190102
14118,20190103
14118,20190104
14118,20190107
14118,20190108
14118,20190109
14118,20190110
14118,20190115
14118,20190116
14118,20190117
14118,20190118
14118,20190122
14118,20190123
14118,20190124
14118,20190125
14119,20180905
14119,20180920
14119,20181011
14119,20181029
14119,20181030
14119,20181031
14119,20181221
14119,20190116
14119,20190118
14119,20190123
14119,20190124
14119,20190125
14120,20181011
14120,20181031
14120,20181114
14120,20190116
14120,20190118
14120,20190124
14120,20190125
14121,20180919
14121,20181031
14121,20181207
14121,20190124
14121,20190125
14122,20180928
14122,20181031
14122,20181113
14122,20190125
14123,20180921
14123,20181012
14123,20181031
14123,20181107
14123,20190123
14123,20190125
14124,20181031
14124,20181112
14124,20181113
14124,20181115
14124,20181128
14124,20181129
14124,20181220
14124,20190102
14124,20190104
14124,20190125
14125,20181022
14125,20181030
14125,20181031
14125,20181113
14125,20181121
14125,20181123
14125,20190110
14125,20190125
14126,20181031
14126,20190125
14127,20180905
14127,20180919
14127,20180921
14127,20180927
14127,20180928
14127,20181018
14127,20181029
14127,20181030
14127,20181105
14127,20181106
14127,20181107
14127,20181108
14127,20181109
14127,20181112
14127,20181113
14127,20181114
14127,20181115
14127,20181116
14127,20181119
14127,20181120
14127,20181121
14127,20181122
14127,20181123
14127,20181126
14127,20181127
14127,20181128
14127,20181129
14127,20181130
14127,20181203
14127,20181227
14127,20181228
14127,20190107
14127,20190108
14127,20190109
14127,20190110
14127,20190123
14127,20190124
14127,20190125
14128,20180910
14128,20180911
14128,20180912
14128,20180913
14128,20181031
14128,20181112
14128,20181121
14128,20181207
14128,20190124
14129,20181015
14129,20181031
14129,20181106
14129,20181127
14129,20181214
14129,20181218
14129,20181219
14129,20181228
14129,20190104
14129,20190125
14130,20180921
14130,20181031
14130,20190123
14130,20190124
14130,20190125
14131,20181011
14131,20181019
14131,20181025
14131,20181031
14131,20181105
14131,20181106
14131,20181107
14131,20181108
14131,20181109
14131,20181112
14131,20181113
14131,20181114
14131,20181115
14131,20181116
14131,20181119
14131,20181120
14131,20181121
14131,20181122
14131,20181123
14131,20181126
14131,20181127
14131,20181128
14131,20181129
14131,20181130
14131,20181203
14131,20181204
14131,20181205
14131,20181206
14131,20181207
14131,20181210
14131,20181211
14131,20181212
14131,20181213
14131,20181214
14131,20181217
14131,20181218
14131,20181219
14131,20181220
14131,20181221
14131,20190107
14131,20190108
14131,20190109
14131,20190110
14131,20190116
14131,20190124
14131,20190125
14132,20181030
14132,20181031
14132,20181106
14132,20181107
14132,20181108
14132,20181109
14132,20181127
14132,20181128
14132,20181218
14132,20190124
14132,20190125
14133,20180911
14133,20180927
14133,20181025
14133,20181031
14133,20181121
14133,20190122
14133,20190124
14133,20190125
14134,20180921
14134,20180925
14134,20180926
14134,20180927
14134,20181009
14134,20181025
14134,20181029
14134,20181031
14134,20181213
14134,20181217
14134,20190124
14134,20190125
14135,20181012
14135,20181109
14135,20181112
14135,20190125
14136,20180921
14136,20181012
14136,20181029
14136,20181030
14136,20181031
14136,20190102
14136,20190109
14136,20190123
14136,20190124
14136,20190125
14137,20180911
14137,20181031
14137,20181121
14137,20181122
14137,20181214
14137,20181219
14137,20190124
14137,20190125
14138,20181010
14138,20181029
14138,20181030
14138,20181031
14138,20181106
14138,20181107
14138,20181108
14138,20181112
14138,20181113
14138,20181114
14138,20181115
14138,20181119
14138,20181120
14138,20181121
14138,20181122
14138,20181127
14138,20181128
14138,20181129
14138,20181203
14138,20181204
14138,20181210
14138,20181213
14138,20181218
14138,20181219
14138,20181225
14138,20190107
14138,20190109
14138,20190117
14138,20190124
14138,20190125
14139,20181031
14139,20190124
14139,20190125
14141,20190124
14142,20181031
14142,20181107
14142,20181112
14142,20181224
14142,20181227
14142,20190102
14142,20190117
14142,20190122
14142,20190124
14142,20190125
14143,20181031
14143,20181129
14143,20181203
14143,20181221
14143,20190125
14144,20180910
14144,20180911
14144,20180927
14144,20181030
14144,20181031
14144,20181113
14144,20181212
14144,20181213
14144,20181227
14144,20190115
14144,20190116
14144,20190125
14145,20180914
14145,20180921
14145,20181009
14145,20181010
14145,20181012
14145,20181031
14145,20181114
14145,20181115
14145,20181206
14145,20181221
14145,20181224
14145,20190122
14145,20190123
14145,20190125
14146,20180910
14146,20180919
14146,20180920
14146,20180921
14146,20181012
14146,20181018
14146,20181031
14146,20181113
14146,20181114
14146,20181121
14146,20181129
14146,20181203
14146,20181221
14146,20190117
14146,20190123
14146,20190124
14146,20190125
14147,20181010
14147,20181019
14147,20181024
14147,20181031
14147,20181207
14147,20181210
14147,20181226
14147,20181227
14147,20190104
14147,20190124
14147,20190125
14149,20180920
14149,20181011
14149,20181030
14149,20181031
14149,20181109
14149,20181114
14149,20181115
14149,20181227
14149,20181228
14149,20190110
14149,20190116
14149,20190123
14149,20190124
14149,20190125
14150,20180903
14150,20180914
14150,20181012
14150,20181024
14150,20181031
14150,20181105
14150,20181106
14150,20181107
14150,20181108
14150,20181109
14150,20181112
14150,20181113
14150,20181114
14150,20181115
14150,20181116
14150,20181119
14150,20181120
14150,20181121
14150,20181122
14150,20181123
14150,20181126
14150,20181127
14150,20181128
14150,20181129
14150,20181130
14150,20181203
14150,20181204
14150,20181205
14150,20181206
14150,20181207
14150,20181210
14150,20181211
14150,20181212
14150,20181213
14150,20181214
14150,20181217
14150,20181218
14150,20181219
14150,20181220
14150,20181221
14150,20181224
14150,20181225
14150,20181226
14150,20181227
14150,20181228
14150,20190102
14150,20190103
14150,20190104
14150,20190107
14150,20190108
14150,20190109
14150,20190110
14150,20190115
14150,20190116
14150,20190117
14150,20190118
14150,20190122
14150,20190123
14150,20190124
14150,20190125
14151,20181115
14151,20181130
14151,20181206
14151,20190116
14151,20190125
14152,20181031
14152,20190102
14152,20190122
14152,20190123
14152,20190124
14152,20190125
14153,20180920
14153,20180921
14153,20181031
14153,20181109
14153,20181113
14153,20181120
14153,20181130
14153,20181204
14153,20181206
14153,20181207
14153,20181221
14153,20190104
14153,20190107
14153,20190110
14153,20190123
14153,20190124
14153,20190125
14154,20180920
14154,20181011
14154,20181016
14154,20181017
14154,20181018
14154,20181019
14154,20181022
14154,20181030
14154,20181031
14154,20181106
14154,20181113
14154,20181213
14154,20190103
14154,20190104
14154,20190118
14154,20190122
14154,20190123
14154,20190124
14154,20190125
14155,20181029
14155,20181031
14155,20181120
14155,20181128
14155,20181212
14155,20181221
14155,20190123
14155,20190125
14156,20181031
14156,20181128
14156,20181217
14156,20181226
14156,20190122
14156,20190124
14156,20190125
14157,20180921
14157,20181012
14157,20181031
14157,20190123
14157,20190124
14157,20190125
14158,20181012
14158,20181031
14158,20190118
14158,20190124
14158,20190125
14159,20190107
14159,20190125
14160,20181008
14160,20181030
14160,20181106
14160,20181113
14160,20181205
14160,20190124
14160,20190125
14161,20180921
14161,20181012
14161,20181031
14161,20181123
14161,20181130
14161,20190115
14161,20190118
14161,20190124
14161,20190125
14162,20180920
14162,20181011
14162,20181019
14162,20181031
14162,20181113
14162,20181114
14162,20181115
14162,20181214
14162,20190103
14162,20190109
14162,20190110
14162,20190117
14162,20190118
14162,20190124
14162,20190125
14163,20180920
14163,20180926
14163,20180927
14163,20181011
14163,20181024
14163,20181025
14163,20181031
14163,20181128
14163,20181130
14163,20181207
14163,20181210
14163,20181211
14163,20181221
14163,20181226
14163,20181228
14163,20190109
14163,20190116
14163,20190123
14163,20190125
14164,20180921
14164,20180926
14164,20181012
14164,20181031
14164,20181113
14164,20181115
14164,20181126
14164,20181127
14164,20181203
14164,20181210
14164,20190104
14164,20190124
14164,20190125
14165,20180921
14165,20181012
14165,20181031
14165,20181114
14165,20181225
14165,20190125
14166,20180905
14166,20180913
14166,20180921
14166,20181012
14166,20181030
14166,20181031
14166,20181113
14166,20181227
14166,20181228
14166,20190123
14166,20190124
14166,20190125
14167,20180905
14167,20180920
14167,20180928
14167,20181011
14167,20181024
14167,20181031
14167,20181105
14167,20181107
14167,20181108
14167,20181109
14167,20181113
14167,20181115
14167,20181221
14167,20181226
14167,20190103
14167,20190110
14167,20190116
14167,20190118
14167,20190124
14167,20190125
14168,20190125
14169,20180910
14169,20180925
14169,20180927
14169,20181022
14169,20181024
14169,20181026
14169,20190115
14169,20190116
14169,20190117
14169,20190118
14170,20181031
14170,20181105
14170,20181224
14170,20181225
14170,20181226
14170,20181227
14170,20181228
14170,20190125
14171,20181015
14171,20181031
14171,20181115
14171,20190104
14171,20190125
14172,20180904
14172,20180912
14172,20180919
14172,20181022
14172,20181031
14172,20181109
14172,20181115
14172,20181206
14172,20181226
14172,20181227
14172,20190123
14172,20190125
14173,20190124
14173,20190125
14174,20180921
14174,20180927
14174,20181012
14174,20181031
14174,20181106
14174,20181114
14174,20181116
14174,20181119
14174,20181120
14174,20181129
14174,20181219
14174,20181220
14174,20190125
14175,20181012
14175,20181017
14175,20181019
14175,20181031
14175,20190104
14175,20190124
14175,20190125
14176,20181010
14176,20181012
14176,20181022
14176,20181031
14176,20181203
14176,20181204
14176,20190123
14176,20190124
14176,20190125
14177,20181129
14177,20190125
14178,20180903
14178,20180912
14178,20180919
14178,20180921
14178,20180927
14178,20181008
14178,20181010
14178,20181011
14178,20181012
14178,20181017
14178,20181023
14178,20181031
14178,20181107
14178,20181115
14178,20181205
14178,20190124
14178,20190125
14179,20180903
14179,20180904
14179,20181031
14179,20190124
14179,20190125
14180,20180921
14180,20181029
14180,20181211
14180,20190125
14181,20180920
14181,20181011
14181,20181012
14181,20181031
14181,20181109
14181,20190125
14182,20180921
14182,20181031
14182,20181106
14182,20181128
14182,20181129
14182,20190123
14182,20190124
14182,20190125
14183,20180921
14183,20181012
14183,20181022
14183,20181030
14183,20181031
14183,20181107
14183,20181227
14183,20181228
14183,20190124
14183,20190125
14184,20181012
14184,20181031
14184,20181108
14184,20181113
14184,20181116
14184,20181130
14184,20181204
14184,20181206
14184,20181214
14184,20181219
14184,20190103
14184,20190104
14184,20190125
14185,20180904
14185,20181009
14185,20181012
14185,20181015
14185,20181022
14185,20181029
14185,20181031
14185,20181121
14185,20181212
14185,20181213
14185,20181221
14185,20181224
14185,20181228
14185,20190108
14185,20190115
14185,20190124
14185,20190125
14186,20180910
14186,20180912
14186,20180913
14186,20180914
14186,20180917
14186,20180918
14186,20180919
14186,20180920
14186,20180921
14186,20181010
14186,20181024
14186,20181029
14186,20181031
14186,20181221
14186,20190123
14186,20190124
14186,20190125
14187,20181031
14187,20181210
14187,20181211
14187,20190125
14188,20181031
14188,20181109
14188,20181112
14188,20181115
14188,20181119
14188,20190125
14190,20180903
14190,20180904
14190,20180905
14190,20180906
14190,20180910
14190,20180911
14190,20180912
14190,20180913
14190,20180914
14190,20181105
14190,20181106
14190,20181107
14190,20181108
14190,20181109
14190,20181112
14190,20181113
14190,20181114
14190,20181115
14190,20181116
14190,20181119
14190,20181120
14190,20181121
14190,20181122
14190,20181123
14190,20181126
14190,20181127
14190,20181128
14190,20181129
14190,20181130
14190,20181203
14190,20181204
14190,20181205
14190,20181206
14190,20181207
14190,20181210
14190,20181211
14190,20181212
14190,20181213
14190,20181214
14190,20181217
14190,20181218
14190,20181219
14190,20181220
14190,20181221
14190,20181224
14190,20181225
14190,20181226
14190,20181227
14190,20181228
14190,20190102
14190,20190103
14190,20190104
14190,20190107
14190,20190108
14190,20190109
14190,20190110
14190,20190115
14190,20190116
14190,20190117
14190,20190118
14190,20190122
14190,20190123
14190,20190124
14190,20190125
14191,20180904
14191,20180927
14191,20181031
14191,20181113
14191,20181114
14191,20181115
14191,20181116
14191,20181119
14191,20190125
14192,20180921
14192,20181012
14192,20181031
14192,20181114
14192,20181115
14192,20181116
14192,20181203
14192,20190123
14192,20190124
14192,20190125
14193,20180918
14193,20181031
14193,20181107
14193,20181108
14193,20181115
14193,20181227
14193,20190124
14193,20190125
14194,20180920
14194,20180921
14194,20181011
14194,20181012
14194,20181031
14194,20181107
14194,20190122
14194,20190123
14194,20190124
14194,20190125
14195,20181031
14195,20190124
14195,20190125
14196,20180921
14196,20181031
14196,20190104
14196,20190124
14196,20190125
14197,20180921
14197,20180927
14197,20181012
14197,20181017
14197,20181031
14197,20181114
14197,20181203
14197,20181214
14197,20190124
14197,20190125
14198,20180911
14198,20181025
14198,20181031
14198,20181105
14198,20181106
14198,20181107
14198,20181108
14198,20181109
14198,20181112
14198,20181113
14198,20181114
14198,20181115
14198,20181116
14198,20181119
14198,20181120
14198,20181121
14198,20181122
14198,20181123
14198,20181126
14198,20181127
14198,20181128
14198,20181129
14198,20181130
14198,20181203
14198,20181204
14198,20181205
14198,20181206
14198,20181207
14198,20181210
14198,20181211
14198,20181212
14198,20181213
14198,20181214
14198,20181217
14198,20181218
14198,20181219
14198,20181220
14198,20181221
14198,20181224
14198,20181225
14198,20181226
14198,20181227
14198,20181228
14198,20190102
14198,20190103
14198,20190104
14198,20190107
14198,20190108
14198,20190109
14198,20190110
14198,20190115
14198,20190116
14198,20190117
14198,20190118
14198,20190122
14198,20190123
14198,20190124
14198,20190125
14199,20180917
14199,20181010
14199,20181017
14199,20181018
14199,20181019
14199,20181022
14199,20181023
14199,20181026
14199,20181030
14199,20181031
14199,20181114
14199,20181123
14199,20181129
14199,20181203
14199,20181205
14199,20181212
14199,20181224
14199,20190104
14199,20190108
14199,20190109
14199,20190110
14199,20190123
14199,20190124
14199,20190125
14200,20190125
14201,20180921
14201,20181012
14201,20181031
14201,20181105
14201,20181114
14201,20190124
14201,20190125
14202,20180913
14202,20180918
14202,20180920
14202,20180921
14202,20181012
14202,20181023
14202,20181025
14202,20181031
14202,20181107
14202,20181109
14202,20181113
14202,20181121
14202,20181206
14202,20181225
14202,20190117
14202,20190124
14202,20190125
14203,20181008
14203,20181009
14203,20181010
14203,20181030
14203,20181031
14203,20181114
14203,20181115
14203,20181218
14203,20181224
14203,20190104
14203,20190109
14203,20190116
14203,20190124
14203,20190125
14204,20181017
14204,20181031
14204,20190104
14204,20190124
14204,20190125
14205,20180918
14205,20180919
14205,20180920
14205,20180921
14205,20181011
14205,20181012
14205,20181031
14205,20181112
14205,20181113
14205,20181114
14205,20181115
14205,20181116
14205,20190123
14205,20190125
14206,20180903
14206,20180913
14206,20180919
14206,20180921
14206,20180925
14206,20180927
14206,20181012
14206,20181026
14206,20181029
14206,20181030
14206,20181031
14206,20181113
14206,20181228
14206,20190109
14206,20190124
14206,20190125
14207,20180903
14207,20180904
14207,20180905
14207,20180906
14207,20181010
14207,20181012
14207,20181022
14207,20181023
14207,20181024
14207,20181025
14207,20181026
14207,20181031
14207,20181129
14207,20181130
14207,20181206
14207,20181214
14207,20190109
14207,20190110
14207,20190125
14208,20190125
14209,20180904
14209,20180906
14209,20180911
14209,20180919
14209,20180920
14209,20180927
14209,20180928
14209,20181011
14209,20181015
14209,20181016
14209,20181017
14209,20181018
14209,20181022
14209,20181023
14209,20181029
14209,20181030
14209,20181031
14209,20181105
14209,20181106
14209,20181107
14209,20181108
14209,20181109
14209,20181115
14209,20181116
14209,20181119
14209,20181120
14209,20181121
14209,20181122
14209,20181130
14209,20181207
14209,20181211
14209,20181217
14209,20181218
14209,20181219
14209,20181220
14209,20181221
14209,20181224
14209,20181225
14209,20181226
14209,20181227
14209,20181228
14209,20190103
14209,20190107
14209,20190108
14209,20190109
14209,20190110
14209,20190117
14209,20190118
14209,20190122
14209,20190123
14209,20190124
14209,20190125
14210,20181031
14210,20190125
14211,20181213
14211,20181214
14211,20190125
14212,20181031
14212,20190125
14213,20180906
14213,20180918
14213,20180921
14213,20181015
14213,20181016
14213,20181026
14213,20181031
14213,20181129
14213,20181214
14213,20190116
14213,20190118
14213,20190124
14213,20190125
14214,20180914
14214,20180927
14214,20181008
14214,20181009
14214,20181010
14214,20181012
14214,20181019
14214,20181030
14214,20181031
14214,20181109
14214,20181113
14214,20181114
14214,20181115
14214,20181123
14214,20181129
14214,20181130
14214,20181207
14214,20181226
14214,20190104
14214,20190123
14214,20190125
14215,20180906
14215,20181031
14215,20190122
14215,20190125
14216,20180920
14216,20181030
14216,20181031
14216,20190125
14217,20180910
14217,20181022
14217,20181023
14217,20181024
14217,20181025
14217,20181026
14217,20181031
14217,20181112
14217,20181123
14217,20181203
14217,20181204
14217,20181205
14217,20181221
14217,20181224
14217,20181228
14217,20190104
14217,20190125
14218,20180917
14218,20180921
14218,20180925
14218,20180926
14218,20180927
14218,20181017
14218,20181022
14218,20181031
14218,20181119
14218,20181226
14218,20181227
14218,20190125
14219,20181031
14219,20190125
14220,20180917
14220,20180918
14220,20181030
14220,20181031
14220,20181203
14220,20181204
14220,20181205
14220,20181206
14220,20181207
14220,20190125
14221,20181029
14221,20181031
14221,20181113
14221,20181224
14221,20181225
14221,20181226
14221,20181227
14221,20181228
14221,20190102
14221,20190103
14221,20190104
14221,20190116
14221,20190125
14222,20181022
14222,20181031
14222,20190104
14222,20190124
14222,20190125
14223,20181012
14223,20181031
14223,20181211
14223,20190122
14223,20190125
14224,20181030
14224,20181031
14224,20181205
14224,20181206
14224,20181214
14224,20190125
14225,20180921
14225,20180925
14225,20181011
14225,20181012
14225,20181025
14225,20181031
14225,20181107
14225,20181113
14225,20181123
14225,20181129
14225,20181130
14225,20181221
14225,20190103
14225,20190108
14225,20190118
14225,20190122
14225,20190123
14225,20190125
14226,20180921
14226,20180928
14226,20181010
14226,20181012
14226,20181029
14226,20181031
14226,20181114
14226,20181211
14226,20190104
14226,20190123
14226,20190124
14226,20190125
14227,20180913
14227,20180926
14227,20180927
14227,20181012
14227,20181031
14227,20181105
14227,20181112
14227,20181114
14227,20181220
14227,20190122
14227,20190123
14227,20190124
14227,20190125
14228,20181023
14228,20181031
14228,20190110
14228,20190115
14228,20190116
14228,20190123
14228,20190124
14228,20190125
14229,20180925
14229,20180926
14229,20181029
14229,20181031
14229,20181113
14229,20181220
14229,20181221
14229,20190123
14229,20190124
14229,20190125
14230,20181031
14230,20181105
14230,20181123
14230,20190124
14230,20190125
14231,20180920
14231,20180927
14231,20181011
14231,20181022
14231,20181025
14231,20181031
14231,20181112
14231,20181128
14231,20181221
14231,20190125
14232,20180917
14232,20180918
14232,20181023
14232,20181029
14232,20181030
14232,20181031
14232,20181109
14232,20181113
14232,20181114
14232,20181115
14232,20181127
14232,20181130
14232,20181219
14232,20181221
14232,20190124
14232,20190125
14233,20180920
14233,20180928
14233,20181011
14233,20181012
14233,20181015
14233,20181016
14233,20181017
14233,20181018
14233,20181019
14233,20181022
14233,20181023
14233,20181024
14233,20181025
14233,20181026
14233,20181029
14233,20181030
14233,20181031
14233,20181105
14233,20181106
14233,20181107
14233,20181108
14233,20181109
14233,20181112
14233,20181113
14233,20181114
14233,20181115
14233,20181116
14233,20190110
14233,20190123
14233,20190124
14233,20190125
14234,20180917
14234,20180918
14234,20180921
14234,20181031
14234,20190125
14235,20181031
14235,20181106
14235,20181203
14235,20181205
14235,20181206
14235,20181207
14235,20181214
14235,20181227
14235,20190125
14236,20181105
14236,20181224
14236,20190124
14236,20190125
14237,20180903
14237,20181031
14237,20181210
14237,20181220
14237,20181221
14237,20190123
14237,20190125
14238,20180904
14238,20180921
14238,20181012
14238,20181015
14238,20181031
14238,20181105
14238,20181127
14238,20181214
14238,20181218
14238,20181224
14238,20190116
14238,20190122
14238,20190123
14238,20190124
14238,20190125
14240,20181031
14240,20181120
14240,20190125
14241,20180905
14241,20180920
14241,20180921
14241,20181008
14241,20181012
14241,20181031
14241,20190107
14241,20190108
14241,20190109
14241,20190110
14241,20190115
14241,20190116
14241,20190117
14241,20190118
14241,20190122
14241,20190123
14241,20190124
14241,20190125
14242,20181022
14242,20181023
14242,20181024
14242,20181031
14242,20181108
14242,20181109
14242,20181114
14242,20181123
14242,20181128
14242,20181129
14242,20181130
14242,20181203
14242,20181204
14242,20181205
14242,20181206
14242,20181207
14242,20181218
14242,20190102
14242,20190103
14242,20190104
14242,20190107
14242,20190108
14242,20190109
14242,20190110
14242,20190115
14242,20190116
14242,20190117
14242,20190118
14242,20190122
14242,20190123
14242,20190124
14242,20190125
14243,20181029
14243,20181030
14243,20181031
14243,20190125
14244,20180903
14244,20180904
14244,20180905
14244,20180906
14244,20180910
14244,20180911
14244,20180912
14244,20180913
14244,20180914
14244,20180917
14244,20180918
14244,20180919
14244,20180920
14244,20180921
14244,20180925
14244,20180927
14244,20181008
14244,20181009
14244,20181010
14244,20181011
14244,20181015
14244,20181016
14244,20181017
14244,20181018
14244,20181019
14244,20181022
14244,20181023
14244,20181024
14244,20181025
14244,20181026
14244,20181029
14244,20181030
14244,20181031
14244,20181105
14244,20181106
14244,20181107
14244,20181108
14244,20181109
14244,20181112
14244,20181113
14244,20181114
14244,20181115
14244,20181116
14244,20181119
14244,20181120
14244,20181121
14244,20181122
14244,20181123
14244,20181126
14244,20181127
14244,20181128
14244,20181129
14244,20181130
14244,20181203
14244,20181204
14244,20181205
14244,20181206
14244,20181207
14244,20181210
14244,20181211
14244,20181212
14244,20181213
14244,20181214
14244,20181217
14244,20181218
14244,20181219
14244,20181220
14244,20181221
14244,20181224
14244,20181225
14244,20181226
14244,20181227
14244,20181228
14244,20190102
14244,20190103
14244,20190104
14244,20190107
14244,20190108
14244,20190109
14244,20190110
14244,20190115
14244,20190116
14244,20190117
14244,20190118
14244,20190122
14244,20190123
14244,20190124
14244,20190125
14245,20180904
14245,20180905
14245,20180913
14245,20180914
14245,20180917
14245,20180918
14245,20180919
14245,20180927
14245,20181010
14245,20181025
14245,20181031
14245,20181106
14245,20181107
14245,20181114
14245,20181129
14245,20181213
14245,20181217
14245,20181221
14245,20181226
14245,20190123
14245,20190124
14245,20190125
14246,20180903
14246,20180904
14246,20180905
14246,20180906
14246,20180910
14246,20180911
14246,20180912
14246,20180913
14246,20180914
14246,20180917
14246,20180918
14246,20180919
14246,20180920
14246,20180921
14246,20180925
14246,20180926
14246,20180927
14246,20180928
14246,20181008
14246,20181009
14246,20181010
14246,20181011
14246,20181012
14246,20181015
14246,20181016
14246,20181017
14246,20181018
14246,20181019
14246,20181022
14246,20181023
14246,20181024
14246,20181025
14246,20181026
14246,20181029
14246,20181030
14246,20181031
14246,20181105
14246,20181106
14246,20181107
14246,20181108
14246,20181109
14246,20181112
14246,20181113
14246,20181114
14246,20181115
14246,20181116
14246,20181119
14246,20181120
14246,20181121
14246,20181122
14246,20181123
14246,20181126
14246,20181127
14246,20181128
14246,20181129
14246,20181130
14246,20181203
14246,20181204
14246,20181205
14246,20181206
14246,20181207
14246,20181210
14246,20181211
14246,20181212
14246,20181213
14246,20181214
14246,20181217
14246,20181218
14246,20181227
14246,20190102
14246,20190107
14246,20190115
14246,20190116
14246,20190123
14246,20190125
14247,20181029
14247,20181030
14247,20181031
14247,20181113
14247,20181114
14247,20181115
14247,20190125
14248,20180905
14248,20180920
14248,20181008
14248,20181010
14248,20181011
14248,20181016
14248,20181031
14248,20181107
14248,20181109
14248,20181115
14248,20181116
14248,20181228
14248,20190107
14248,20190123
14248,20190124
14248,20190125
14249,20180921
14249,20181031
14249,20190125
14250,20180920
14250,20181011
14250,20181016
14250,20181025
14250,20181026
14250,20181031
14250,20181123
14250,20181206
14250,20190115
14250,20190123
14250,20190124
14250,20190125
14251,20180921
14251,20181023
14251,20181030
14251,20181031
14251,20181130
14251,20190124
14251,20190125
14252,20180921
14252,20181030
14252,20181031
14252,20181114
14252,20190125
14253,20181017
14253,20181031
14253,20181122
14253,20190115
14253,20190122
14253,20190123
14253,20190124
14253,20190125
14254,20181031
14254,20181114
14254,20190125
14255,20180925
14255,20180926
14255,20180927
14255,20180928
14255,20181031
14255,20181109
14255,20181120
14255,20181213
14255,20181214
14255,20190123
14255,20190124
14255,20190125
14256,20181031
14256,20181114
14256,20181228
14256,20190108
14256,20190109
14256,20190110
14256,20190115
14256,20190116
14256,20190122
14256,20190125
14257,20180921
14257,20181012
14257,20181031
14257,20181109
14257,20190122
14257,20190124
14257,20190125
14258,20181011
14258,20181012
14258,20181031
14258,20181127
14258,20181206
14258,20190104
14258,20190117
14258,20190118
14258,20190122
14258,20190124
14258,20190125
14259,20180914
14259,20180921
14259,20181012
14259,20181018
14259,20181022
14259,20181023
14259,20181024
14259,20181025
14259,20181026
14259,20181030
14259,20181031
14259,20181112
14259,20181116
14259,20181119
14259,20181121
14259,20181123
14259,20181129
14259,20181130
14259,20181210
14259,20181224
14259,20181225
14259,20181226
14259,20181227
14259,20190109
14259,20190110
14259,20190116
14259,20190122
14259,20190123
14259,20190124
14259,20190125
14260,20180920
14260,20181023
14260,20181031
14260,20181105
14260,20181106
14260,20181112
14260,20181113
14260,20181114
14260,20181115
14260,20181116
14260,20181121
14260,20181219
14260,20181226
14260,20190124
14260,20190125
14261,20181026
14261,20181031
14261,20181221
14261,20190102
14261,20190124
14261,20190125
14262,20181031
14262,20181225
14262,20181226
14262,20181227
14262,20181228
14262,20190125
14263,20181029
14263,20181030
14263,20181031
14263,20181126
14263,20181127
14263,20190125
14264,20180920
14264,20181011
14264,20181031
14264,20181112
14264,20181113
14264,20181114
14264,20181115
14264,20181224
14264,20181225
14264,20181226
14264,20190102
14264,20190123
14264,20190125
14265,20180920
14265,20181011
14265,20181031
14265,20181105
14265,20181112
14265,20181210
14265,20190107
14265,20190123
14265,20190125
14266,20180920
14266,20181011
14266,20181025
14266,20181031
14266,20181113
14266,20181121
14266,20190108
14266,20190123
14266,20190124
14266,20190125
14267,20180921
14267,20181010
14267,20181011
14267,20181012
14267,20181026
14267,20181031
14267,20181105
14267,20181112
14267,20181113
14267,20181114
14267,20181115
14267,20181116
14267,20181126
14267,20181128
14267,20181130
14267,20181224
14267,20181228
14267,20190108
14267,20190116
14267,20190124
14267,20190125
14268,20180920
14268,20180925
14268,20181011
14268,20181030
14268,20181031
14268,20181107
14268,20181114
14268,20181123
14268,20181210
14268,20181221
14268,20181226
14268,20190116
14268,20190117
14268,20190118
14268,20190123
14268,20190124
14268,20190125
14269,20180919
14269,20181017
14269,20181026
14269,20181031
14269,20181105
14269,20181108
14269,20181112
14269,20181114
14269,20181123
14269,20181204
14269,20181206
14269,20190103
14269,20190104
14269,20190115
14269,20190125
14270,20181031
14270,20181105
14270,20190125
14271,20180927
14271,20180928
14271,20181031
14271,20181112
14271,20181129
14271,20181130
14271,20181203
14271,20181204
14271,20181205
14271,20190125
14272,20180912
14272,20180913
14272,20180914
14272,20180917
14272,20181008
14272,20181012
14272,20181023
14272,20181031
14272,20181114
14272,20181226
14272,20181228
14272,20190123
14272,20190124
14272,20190125
14273,20180921
14273,20181011
14273,20181012
14273,20181015
14273,20181018
14273,20181031
14273,20181105
14273,20181106
14273,20181107
14273,20181108
14273,20181109
14273,20181112
14273,20181113
14273,20181114
14273,20181115
14273,20181116
14273,20181119
14273,20181120
14273,20181121
14273,20181122
14273,20181123
14273,20181126
14273,20181127
14273,20181128
14273,20181129
14273,20181130
14273,20181203
14273,20181204
14273,20181205
14273,20181206
14273,20181207
14273,20181210
14273,20181211
14273,20181212
14273,20181213
14273,20181214
14273,20181217
14273,20181218
14273,20181219
14273,20181220
14273,20181221
14273,20181224
14273,20181225
14273,20181226
14273,20181227
14273,20181228
14273,20190102
14273,20190103
14273,20190104
14273,20190107
14273,20190108
14273,20190109
14273,20190110
14273,20190115
14273,20190116
14273,20190117
14273,20190118
14273,20190122
14273,20190123
14273,20190124
14273,20190125
14274,20181008
14274,20181031
14274,20181107
14274,20181203
14274,20181210
14274,20190122
14274,20190123
14274,20190125
14275,20180920
14275,20180926
14275,20181012
14275,20181018
14275,20181022
14275,20181023
14275,20181024
14275,20181031
14275,20181105
14275,20181107
14275,20181113
14275,20181114
14275,20181123
14275,20181206
14275,20181207
14275,20181214
14275,20181228
14275,20190103
14275,20190122
14275,20190123
14275,20190124
14275,20190125
14276,20180917
14276,20181025
14276,20181029
14276,20181030
14276,20181031
14276,20181109
14276,20181113
14276,20181115
14276,20181129
14276,20181130
14276,20181210
14276,20181218
14276,20190104
14276,20190107
14276,20190108
14276,20190115
14276,20190122
14276,20190124
14276,20190125
14277,20180926
14277,20181012
14277,20181018
14277,20181024
14277,20181031
14277,20181108
14277,20181114
14277,20181115
14277,20181116
14277,20181121
14277,20181122
14277,20181130
14277,20181203
14277,20181204
14277,20181210
14277,20181212
14277,20181213
14277,20181228
14277,20190103
14277,20190125
