,日期,天气,温度
0,2011/01/01,多云~雨夹雪,2~6℃
1,2011/01/02,多云,2~7℃
2,2011/01/03,多云~阴,2~7℃
3,2011/01/04,小雨,3~6℃
4,2011/01/05,阴~多云,-1~5℃
5,2011/01/06,晴~多云,-2~6℃
6,2011/01/07,阴~小雨,1~7℃
7,2011/01/08,雨夹雪~多云,-2~5℃
8,2011/01/09,雨夹雪,-2~4℃
9,2011/01/10,小雪,-3~2℃
10,2011/01/11,多云,0~4℃
11,2011/01/12,多云~小雨,2~5℃
12,2011/01/13,阴~多云,1~6℃
13,2011/01/14,多云,-1~5℃
14,2011/01/15,多云,0~5℃
15,2011/01/16,多云~雨夹雪,0~4℃
16,2011/01/26,阴,3~6℃
17,2011/01/29,多云,-2~3℃
18,2011/01/30,晴,-4~4℃
19,2011/01/31,晴,-4~7℃
20,2011/02/01,多云~晴,-2~9℃
21,2011/02/02,晴,1~10℃
22,2011/02/03,晴~多云,1~13℃
23,2011/02/04,晴,2~16℃
24,2011/02/05,晴,3~18℃
25,2011/02/06,多云~晴,5~18℃
26,2011/02/07,晴~阴,8~19℃
27,2011/02/08,多云,6~22℃
28,2011/02/09,阴~小雨,3~10℃
29,2011/02/10,中雨~雨夹雪,1~6℃
30,2011/02/11,多云,-1~5℃
31,2011/02/12,多云~雨夹雪,0~6℃
32,2011/02/13,雨夹雪,0~4℃
33,2011/02/14,多云,-2~4℃
34,2011/02/15,多云,3~7℃
35,2011/02/16,小雨,4~7℃
36,2011/02/17,小到中雨~阴,4~6℃
37,2011/02/18,小雨,5~8℃
38,2011/02/19,阴,3~7℃
39,2011/02/20,多云,3~10℃
40,2011/02/21,晴~多云,4~13℃
41,2011/02/22,多云,4~14℃
42,2011/02/23,多云~阴,5~17℃
43,2011/02/24,多云,8~19℃
44,2011/02/25,多云~阴,9~14℃
45,2011/02/26,多云,11~18℃
46,2011/02/27,多云~阵雨,7~26℃
47,2011/02/28,小雨,3~8℃
48,2011/03/01,小雨~多云,0~7℃
49,2011/03/02,晴~多云,1~10℃
50,2011/03/03,多云~晴,1~10℃
51,2011/03/04,晴,2~12℃
52,2011/03/05,多云~小雨,7~14℃
53,2011/03/06,中雨~小雨,4~10℃
54,2011/03/07,多云,2~11℃
55,2011/03/08,晴,5~15℃
56,2011/03/09,多云,3~15℃
57,2011/03/10,晴,4~15℃
58,2011/03/11,多云~小雨,8~16℃
59,2011/03/12,多云,10~17℃
60,2011/03/13,多云~阵雨,12~21℃
61,2011/03/14,小雨,5~17℃
62,2011/03/15,阴~多云,3~10℃
63,2011/03/16,多云~晴,2~13℃
64,2011/03/17,晴,5~15℃
65,2011/03/18,小雨,9~14℃
66,2011/03/19,阵雨~小到中雨,13~17℃
67,2011/03/20,阵雨~中雨,7~20℃
68,2011/03/21,中雨,3~8℃
69,2011/03/22,小雨~阴,2~8℃
70,2011/03/23,多云,4~11℃
71,2011/03/24,多云,4~16℃
72,2011/03/25,晴,5~15℃
73,2011/03/26,多云,5~14℃
74,2011/03/27,多云~晴,6~17℃
75,2011/03/28,晴~多云,6~20℃
76,2011/03/29,晴,6~18℃
77,2011/03/30,晴,7~20℃
78,2011/04/01,多云,12~23℃
79,2011/04/02,小雨,7~20℃
80,2011/04/03,小雨,6~10℃
81,2011/04/04,多云,7~14℃
82,2011/04/05,晴~多云,7~18℃
83,2011/04/06,多云~阵雨,13~19℃
84,2011/04/07,阵雨,11~18℃
85,2011/04/08,阴,9~18℃
86,2011/04/09,多云~小雨,10~18℃
87,2011/04/10,小雨,12~20℃
88,2011/04/11,多云,8~18℃
89,2011/04/12,多云~阴,9~18℃
90,2011/04/13,阴~多云,14~19℃
91,2011/04/14,阴,16~26℃
92,2011/04/15,阵雨,15~27℃
93,2011/04/16,小雨~阴,9~15℃
94,2011/04/17,多云,8~20℃
95,2011/04/18,多云~晴,8~21℃
96,2011/04/19,晴,8~20℃
97,2011/04/20,晴,13~23℃
98,2011/04/21,多云~雷阵雨,16~26℃
99,2011/04/22,小雨~多云,12~19℃
100,2011/04/23,晴,12~25℃
101,2011/04/24,晴,13~26℃
102,2011/04/25,晴,19~29℃
103,2011/04/26,多云~阴,18~32℃
104,2011/04/27,阵雨~多云,14~25℃
105,2011/04/28,晴,15~26℃
106,2011/04/29,晴~多云,18~32℃
107,2011/04/30,阵雨,20~25℃
108,2011/05/01,阴~多云,13~25℃
109,2011/05/02,阴~中雨,13~22℃
110,2011/05/03,阴~小雨,11~16℃
111,2011/05/04,小雨~阴,12~14℃
112,2011/05/05,多云,16~24℃
113,2011/05/06,阴~多云,19~27℃
114,2011/05/07,多云~阴,19~29℃
115,2011/05/08,晴~多云,22~35℃
116,2011/05/09,阵雨~多云,23~33℃
117,2011/05/10,阵雨~雷阵雨,24~34℃
118,2011/05/11,中雨~阴,19~28℃
119,2011/05/12,小雨~多云,15~24℃
120,2011/05/13,多云,15~25℃
121,2011/05/14,多云~阴,17~27℃
122,2011/05/15,阴~小雨,18~25℃
123,2011/05/16,阴~多云,17~27℃
124,2011/05/17,多云~晴,18~29℃
125,2011/05/18,多云,19~30℃
126,2011/05/19,晴~多云,21~33℃
127,2011/05/20,晴~多云,22~34℃
128,2011/05/21,多云~阵雨,18~32℃
129,2011/05/22,阵雨~中雨,18~22℃
130,2011/05/23,小雨,16~19℃
131,2011/05/24,阴,15~21℃
132,2011/05/25,多云~阴,17~25℃
133,2011/05/26,多云,18~27℃
134,2011/05/27,多云,17~26℃
135,2011/05/28,阴~多云,17~24℃
136,2011/05/29,晴,17~28℃
137,2011/05/30,晴~多云,19~29℃
138,2011/06/01,小雨~多云,21~28℃
139,2011/06/02,阴,20~29℃
140,2011/06/03,阴~小雨,21~26℃
141,2011/06/04,大雨~中雨,21~23℃
142,2011/06/05,小到中雨~小雨,20~24℃
143,2011/06/06,大雨~中雨,20~23℃
144,2011/06/07,中雨~阴,19~24℃
145,2011/06/08,多云~晴,22~31℃
146,2011/06/09,雷阵雨~阵雨,24~34℃
147,2011/06/10,中雨,21~28℃
148,2011/06/11,小到中雨~中雨,22~29℃
149,2011/06/12,中雨~阴,21~28℃
150,2011/06/13,小雨~阵雨,20~26℃
151,2011/06/14,大到暴雨~大雨,20~22℃
152,2011/06/15,大到暴雨~中雨,20~23℃
153,2011/06/16,小雨~阵雨,23~25℃
154,2011/06/17,雷阵雨~阵雨,23~28℃
155,2011/06/18,雷阵雨~中到大雨,24~32℃
156,2011/06/19,小雨~小到中雨,22~26℃
157,2011/06/20,阵雨~多云,22~28℃
158,2011/06/21,阵雨~多云,23~30℃
159,2011/06/22,多云,25~33℃
160,2011/06/23,多云,27~34℃
161,2011/06/24,多云~阵雨,25~34℃
162,2011/06/25,大到暴雨~中到大雨,24~29℃
163,2011/06/26,多云,22~31℃
164,2011/06/27,晴~雷阵雨,24~33℃
165,2011/06/28,雷阵雨,26~33℃
166,2011/06/29,雷阵雨,26~31℃
167,2011/06/30,雷阵雨~多云,25~33℃
168,2011/07/01,多云,26~34℃
169,2011/07/02,多云,26~36℃
170,2011/07/03,晴~多云,28~38℃
171,2011/07/04,雷阵雨,28~37℃
172,2011/07/05,多云,27~36℃
173,2011/07/06,晴~多云,28~38℃
174,2011/07/07,多云,27~38℃
175,2011/07/08,雷阵雨,27~35℃
176,2011/07/09,多云~阵雨,26~34℃
177,2011/07/10,阵雨,25~32℃
178,2011/07/11,阵雨,26~31℃
179,2011/07/12,阵雨~多云,26~32℃
180,2011/07/13,多云~阵雨,26~32℃
181,2011/07/14,雷阵雨~阵雨,26~33℃
182,2011/07/15,多云,26~33℃
183,2011/07/16,多云,27~33℃
184,2011/07/17,多云,27~32℃
185,2011/07/18,多云,26~33℃
186,2011/07/19,阵雨,25~31℃
187,2011/07/20,多云,26~32℃
188,2011/07/21,阵雨~多云,26~34℃
189,2011/07/22,雷阵雨~多云,27~35℃
190,2011/07/23,多云,27~35℃
191,2011/07/24,雷阵雨~多云,27~36℃
192,2011/07/25,雷阵雨~多云,27~38℃
193,2011/07/26,雷阵雨~晴,27~37℃
194,2011/07/27,多云~晴,28~35℃
195,2011/07/28,多云~晴,27~35℃
196,2011/07/29,晴,27~35℃
197,2011/07/30,晴,27~35℃
198,2011/08/01,多云,26~34℃
199,2011/08/02,多云,25~33℃
200,2011/08/03,多云~阵雨,26~34℃
201,2011/08/04,阵雨,26~33℃
202,2011/08/05,阵雨~小到中雨,25~31℃
203,2011/08/06,大到暴雨~暴雨,26~30℃
204,2011/08/07,阵雨~多云,26~31℃
205,2011/08/08,雷阵雨~多云,26~34℃
206,2011/08/09,阵雨~多云,26~34℃
207,2011/08/10,中雨~多云,27~35℃
208,2011/08/11,多云,27~35℃
209,2011/08/12,大雨~雷阵雨,25~34℃
210,2011/08/13,雷阵雨~多云,26~34℃
211,2011/08/14,雷阵雨~多云,27~36℃
212,2011/08/15,多云~晴,27~36℃
213,2011/08/16,多云~晴,27~36℃
214,2011/08/17,多云~阴,28~36℃
215,2011/08/18,多云,28~35℃
216,2011/08/19,多云~晴,27~36℃
217,2011/08/20,多云~晴,27~35℃
218,2011/08/21,雷阵雨~多云,26~34℃
219,2011/08/22,雷阵雨~阵雨,23~31℃
220,2011/08/23,阵雨,24~30℃
221,2011/08/24,中雨~阵雨,23~27℃
222,2011/08/25,阵雨,24~28℃
223,2011/08/26,阵雨,24~30℃
224,2011/08/27,中雨~阵雨,24~30℃
225,2011/08/28,多云,25~31℃
226,2011/08/29,阵雨,25~31℃
227,2011/08/30,小到中雨~阵雨,26~30℃
228,2011/09/01,多云,24~32℃
229,2011/09/02,晴,21~31℃
230,2011/09/03,晴,22~31℃
231,2011/09/04,晴,21~30℃
232,2011/09/05,多云,20~31℃
233,2011/09/06,多云,21~29℃
234,2011/09/07,多云,22~30℃
235,2011/09/08,多云~阵雨,24~32℃
236,2011/09/09,多云,23~32℃
237,2011/09/10,多云,22~29℃
238,2011/09/11,阴~多云,23~28℃
239,2011/09/12,多云,24~30℃
240,2011/09/13,多云,24~31℃
241,2011/09/14,多云,24~32℃
242,2011/09/15,多云,23~32℃
243,2011/09/16,晴~多云,23~32℃
244,2011/09/17,多云~小雨,21~32℃
245,2011/09/18,小雨~阴,18~24℃
246,2011/09/19,多云~阴,18~25℃
247,2011/09/20,多云,17~23℃
248,2011/09/21,多云,16~23℃
249,2011/09/22,多云~晴,14~25℃
250,2011/09/23,多云,16~26℃
251,2011/09/24,阵雨~小雨,18~25℃
252,2011/09/25,阵雨,19~25℃
253,2011/09/26,小雨,21~24℃
254,2011/09/27,阵雨~小雨,22~27℃
255,2011/09/28,小雨~多云,22~28℃
256,2011/09/29,中雨~中到大雨,19~31℃
257,2011/09/30,中雨~小雨,17~20℃
258,2011/10/01,阴~小雨,17~22℃
259,2011/10/02,小雨~阴,17~21℃
260,2011/10/03,小雨,17~20℃
261,2011/10/04,小雨~阴,17~20℃
262,2011/10/05,阴,17~22℃
263,2011/10/06,多云,16~24℃
264,2011/10/07,多云~晴,16~26℃
265,2011/10/08,晴,16~27℃
266,2011/10/09,多云~小雨,18~27℃
267,2011/10/10,小雨,19~25℃
268,2011/10/11,阴~多云,19~26℃
269,2011/10/12,多云~阴,19~26℃
270,2011/10/13,中雨,17~25℃
271,2011/10/14,小雨~多云,15~22℃
272,2011/10/15,晴,12~23℃
273,2011/10/16,晴,13~25℃
274,2011/10/17,晴,13~26℃
275,2011/10/18,晴~多云,12~23℃
276,2011/10/19,多云,16~23℃
277,2011/10/20,阴~小雨,17~22℃
278,2011/10/21,多云,16~23℃
279,2011/10/22,晴,14~25℃
280,2011/10/23,多云~阴,20~25℃
281,2011/10/24,中雨~小到中雨,14~22℃
282,2011/10/25,阴~多云,12~18℃
283,2011/10/26,多云,13~19℃
284,2011/10/27,多云,15~22℃
285,2011/10/28,阴~小雨,15~23℃
286,2011/10/29,阴,15~22℃
287,2011/10/30,阴~多云,15~22℃
288,2011/11/01,多云~小雨,18~23℃
289,2011/11/02,小雨,18~24℃
290,2011/11/03,小雨~阴,19~23℃
291,2011/11/04,小雨,19~25℃
292,2011/11/05,小雨,17~24℃
293,2011/11/06,阴,16~22℃
294,2011/11/07,阴,16~20℃
295,2011/11/08,小雨~小到中雨,15~19℃
296,2011/11/09,小到中雨,13~16℃
297,2011/11/10,小雨~阴,10~15℃
298,2011/11/11,多云,10~17℃
299,2011/11/12,晴~多云,11~20℃
300,2011/11/13,晴~多云,11~21℃
301,2011/11/14,多云,13~20℃
302,2011/11/15,多云,14~20℃
303,2011/11/16,多云~小雨,16~22℃
304,2011/11/17,小雨~阴,18~23℃
305,2011/11/18,阵雨~小雨,18~23℃
306,2011/11/19,小雨~阴,12~18℃
307,2011/11/20,多云,9~16℃
308,2011/11/21,多云,9~18℃
309,2011/11/22,多云~阴,10~18℃
310,2011/11/23,晴,6~16℃
311,2011/11/24,晴,8~16℃
312,2011/11/25,晴~多云,10~19℃
313,2011/11/26,多云,13~22℃
314,2011/11/27,多云~阴,14~22℃
315,2011/11/28,多云,15~24℃
316,2011/11/29,多云~阴,15~23℃
317,2011/11/30,小雨,5~19℃
318,2011/12/01,小雨,3~9℃
319,2011/12/02,阴~多云,3~11℃
320,2011/12/03,晴,2~11℃
321,2011/12/04,晴~多云,7~14℃
322,2011/12/05,多云~阴,11~15℃
323,2011/12/06,阴~小雨,12~17℃
324,2011/12/07,中到大雨~小到中雨,6~15℃
325,2011/12/08,小到中雨~阴,4~11℃
326,2011/12/09,多云,0~7℃
327,2011/12/10,晴,0~8℃
328,2011/12/11,晴,2~9℃
329,2011/12/12,多云,3~11℃
330,2011/12/13,多云,5~13℃
331,2011/12/14,多云~阴,6~13℃
332,2011/12/15,阴,3~9℃
333,2011/12/16,多云,1~7℃
334,2011/12/17,晴~多云,2~9℃
335,2011/12/18,多云,3~9℃
336,2011/12/19,多云~阴,6~12℃
337,2011/12/20,小雨,7~12℃
338,2011/12/21,小雨~阴,6~11℃
339,2011/12/22,多云,-1~8℃
340,2011/12/23,晴,-1~9℃
341,2011/12/24,晴,-1~8℃
342,2011/12/25,晴,0~10℃
343,2011/12/26,多云,4~10℃
344,2011/12/27,阴,7~12℃
345,2011/12/28,阴,8~13℃
346,2011/12/29,阴,6~12℃
347,2011/12/30,多云,3~10℃
348,2012/01/01,多云~晴,1~10℃
349,2012/01/02,多云,3~9℃
350,2012/01/03,阴,0~9℃
351,2012/01/04,多云,-2~5℃
352,2012/01/05,阴~雨夹雪,2~5℃
353,2012/01/06,雨夹雪~阴,3~5℃
354,2012/01/07,多云~阴,5~9℃
355,2012/01/08,阴,6~10℃
356,2012/01/09,小雨~阴,5~10℃
357,2012/01/10,阴,5~10℃
358,2012/01/11,阴~多云,3~8℃
359,2012/01/12,多云~阴,3~9℃
360,2012/01/13,阴~小雨,6~10℃
361,2012/01/14,中雨,5~8℃
362,2012/01/16,小雨~阴,5~9℃
363,2012/01/17,多云~阴,7~11℃
364,2012/01/18,小雨,8~11℃
365,2012/01/19,小雨,6~9℃
366,2012/01/20,阴~小雨,5~8℃
367,2012/01/21,小到中雨~雨夹雪,1~6℃
368,2012/01/22,小雪~阴,0~3℃
369,2012/01/23,多云~阴,0~4℃
370,2012/01/24,阴,-3~5℃
371,2012/01/25,多云~晴,-3~6℃
372,2012/01/26,多云~阴,3~8℃
373,2012/01/27,小雨,5~9℃
374,2012/01/28,小雨,4~8℃
375,2012/01/29,小雨,3~7℃
376,2012/01/30,小雨~多云,1~7℃
377,2012/01/31,多云,2~10℃
378,2012/02/01,多云,0~9℃
379,2012/02/02,阴~多云,-1~4℃
380,2012/02/03,多云,0~6℃
381,2012/02/04,阴~小雨,4~9℃
382,2012/02/05,阴~小雨,7~13℃
383,2012/02/06,中到大雨~小到中雨,1~14℃
384,2012/02/07,阴~多云,-3~6℃
385,2012/02/08,晴~多云,-3~6℃
386,2012/02/09,多云~小雨,3~7℃
387,2012/02/10,小雨,3~5℃
388,2012/02/11,阴,3~7℃
389,2012/02/12,阴,7~10℃
390,2012/02/13,阴,7~13℃
391,2012/02/14,小雨~小到中雨,5~11℃
392,2012/02/15,小雨,1~6℃
393,2012/02/16,阴,0~5℃
394,2012/02/17,多云,0~8℃
395,2012/02/18,多云,-2~6℃
396,2012/02/19,晴,-1~9℃
397,2012/02/20,多云~阴,5~12℃
398,2012/02/21,小雨,10~15℃
399,2012/02/22,阵雨~中雨,8~18℃
400,2012/02/23,小雨,5~12℃
401,2012/02/24,阴,4~8℃
402,2012/02/25,阴~小雨,3~7℃
403,2012/02/26,阴,1~5℃
404,2012/02/27,阴~小雨,4~6℃
405,2012/02/28,小雨~阴,3~8℃
406,2012/02/29,小雨,6~9℃
407,2012/03/01,阴~阵雨,6~13℃
408,2012/03/02,中雨~小到中雨,6~8℃
409,2012/03/03,中雨,7~8℃
410,2012/03/04,阵雨~中到大雨,8~12℃
411,2012/03/05,中到大雨~小雨,7~9℃
412,2012/03/06,阴~小雨,6~12℃
413,2012/03/07,中雨,5~8℃
414,2012/03/08,中雨,4~7℃
415,2012/03/09,阴,3~8℃
416,2012/03/10,多云,3~11℃
417,2012/03/11,多云,0~11℃
418,2012/03/12,晴,1~11℃
419,2012/03/13,晴~多云,5~13℃
420,2012/03/14,多云~阵雨,7~16℃
421,2012/03/15,中雨~阵雨,10~14℃
422,2012/03/16,阴~阵雨,13~20℃
423,2012/03/17,阴~阵雨,11~19℃
424,2012/03/18,阴,6~16℃
425,2012/03/19,小到中雨~小雨,7~10℃
426,2012/03/20,小雨~阴,5~8℃
427,2012/03/21,多云,8~14℃
428,2012/03/22,多云~中到大雨,8~23℃
429,2012/03/23,中雨~多云,5~11℃
430,2012/03/24,晴,5~16℃
431,2012/03/25,晴,4~19℃
432,2012/03/26,晴,8~21℃
433,2012/03/27,晴,11~24℃
434,2012/03/28,晴~多云,13~27℃
435,2012/03/29,小雨~阵雨,16~24℃
436,2012/03/30,中雨~小雨,5~20℃
437,2012/04/01   周日,中雨转阵雨,14~16℃
438,2012/04/02   周一,中雨转阵雨,12~18℃
439,2012/04/03   周二,中雨转阵雨,11~19℃
440,2012/04/04   周三,中雨转阵雨,14~16℃
441,2012/04/05   周四,中雨转阵雨,11~19℃
442,2012/04/06   周五,中雨转阵雨,11~19℃
443,2012/04/07   周六,中雨转阵雨,13~17℃
444,2012/04/08   周日,中雨转阵雨,12~18℃
445,2012/04/09   周一,中雨转阵雨,12~18℃
446,2012/04/10   周二,中雨转阵雨,11~19℃
447,2012/04/11   周三,中雨转阵雨,11~19℃
448,2012/04/12   星期四,中雨转阵雨,12~18℃
449,2012/04/13   星期五,阵雨转阴,11~20℃
450,2012/04/14   星期六,阴转多云,13~20℃
451,2012/04/15   星期日,中雨转阴,14~20℃
452,2012/04/16   星期一,阴转多云,11~23℃
453,2012/04/17   星期二,晴转多云,14~19℃
454,2012/04/18   星期三,阴转阵雨,15~19℃
455,2012/04/19   星期四,中雨转阵雨,15~23℃
456,2012/04/20   星期二,多云转阴,21~26℃
457,2012/04/21   星期六,中雨转小雨,13~27℃
458,2012/04/22   星期日,多云转晴,15~28℃
459,2012/04/23   星期一,晴,19~26℃
460,2012/04/24   星期二,多云转阵雨,19~24℃
461,2012/04/25   星期三,中雨,14~24℃
462,2012/04/26   星期四,多云转晴,14~27℃
463,2012/04/27   星期五,晴,17~27℃
464,2012/04/28   星期六,多云转阵雨,20~25℃
465,2012/04/29   星期日,阵雨转中雨,18~25℃
466,2012/04/30   星期一,阵雨,19~24℃
467,2012/05/01   星期二,大雨转中雨,17~25℃
468,2012/05/02   星期三,多云,15~27℃
469,2012/05/03   星期四,多云,15~27℃
470,2012/05/04   星期五,阴,17~25℃
471,2012/05/05   星期六,多云转晴,14~29℃
472,2012/05/06   星期日,晴,14~31℃
473,2012/05/07   星期一,晴转阵雨,20~32℃
474,2012/05/08   星期二,中雨,20~26℃
475,2012/05/09   星期三,阴转多云,18~26℃
476,2012/05/10   星期四,多云,16~26℃
477,2012/05/11   星期五,多云转晴,15~28℃
478,2012/05/12   星期六,晴转多云,18~27℃
479,2012/05/13   星期日,大雨,20~24℃
480,2012/05/14   星期一,阴转小到中雨,19~25℃
481,2012/05/15   星期二,中雨转阴,19~26℃
482,2012/05/16   星期三,多云,17~27℃
483,2012/05/17   星期四,多云转晴,18~31℃
484,2012/05/18   星期五,多云转阴,18~28℃
485,2012/05/19   星期六,中雨转小雨,18~23℃
486,2012/05/20   星期日,小雨转阴,17~21℃
487,2012/05/21   星期一,多云,15~24℃
488,2012/05/22   星期二,多云,17~26℃
489,2012/05/23   星期三,阵雨,20~25℃
490,2012/05/24   星期四,小到中雨转中雨,19~23℃
491,2012/05/25   星期五,阵雨,18~22℃
492,2012/05/26   星期六,小雨转阴,17~23℃
493,2012/05/27   星期日,多云转晴,16~26℃
494,2012/05/28   星期一,多云转晴,17~28℃
495,2012/05/29   星期二,多云转中雨,20~28℃
496,2012/05/30   星期三,大雨转小雨,18~22℃
497,2012/06/01   星期五,阴转小雨,19~24℃
498,2012/06/02   星期六,小雨转阴,18~23℃
499,2012/06/03   星期日,多云转阴,19~25℃
500,2012/06/04   星期一,阴,20~26℃
501,2012/06/05   星期二,阴转多云,20~27℃
502,2012/06/06   星期三,阴转小雨,22~28℃
503,2012/06/07   星期四,阵雨,24~29℃
504,2012/06/08   星期五,阵雨转多云,23~31℃
505,2012/06/09   星期六,多云,23~33℃
506,2012/06/10   星期日,多云转阵雨,22~33℃
507,2012/06/11   星期一,阵雨转阴,22~27℃
508,2012/06/12   星期二,阴转多云,22~29℃
509,2012/06/13   星期三,多云,22~31℃
510,2012/06/14   星期四,多云转阴,22~29℃
511,2012/06/15   星期五,多云,22~28℃
512,2012/06/16   星期六,阴转小雨,21~27℃
513,2012/06/17   星期日,中到大雨转大雨,22~25℃
514,2012/06/18   星期一,大到暴雨转阵雨,22~27℃
515,2012/06/19   星期二,阴,23~27℃
516,2012/06/20   星期三,阴转阵雨,22~28℃
517,2012/06/21   星期四,多云,22~29℃
518,2012/06/22   星期五,阵雨转大雨,22~27℃
519,2012/06/23   星期六,大到暴雨转中雨,22~24℃
520,2012/06/24   星期日,小到中雨转阵雨,23~27℃
521,2012/06/25   星期一,阵雨,24~29℃
522,2012/06/26   星期二,中到大雨转中雨,24~27℃
523,2012/06/27   星期三,中雨转阵雨,25~28℃
524,2012/06/28   星期四,阵雨,25~31℃
525,2012/06/29   星期五,多云,25~33℃
526,2012/06/30   星期六,雷阵雨转阵雨,27~35℃
527,2012/07/01   星期日,多云,27~36℃
528,2012/07/02   星期一,晴转多云,26~36℃
529,2012/07/03   星期二,晴转多云,27~36℃
530,2012/07/04   星期三,晴,28~38℃
531,2012/07/05   星期四,晴,28~38℃
532,2012/07/06   星期五,晴转多云,28~37℃
533,2012/07/07   星期六,中雨转多云,27~36℃
534,2012/07/08   星期日,中雨转多云,25~34℃
535,2012/07/09   星期一,雷阵雨转多云,27~36℃
536,2012/07/10   星期二,多云,28~38℃
537,2012/07/11   星期三,多云,28~37℃
538,2012/07/12   星期四,多云,28~37℃
539,2012/07/13   星期五,多云,28~38℃
540,2012/07/14   星期六,雷阵雨转阵雨,26~34℃
541,2012/07/15   星期日,中到大雨,25~29℃
542,2012/07/16   星期一,中到大雨转中雨,25~30℃
543,2012/07/17   星期二,中雨转阵雨,26~31℃
544,2012/07/18   星期三,雷阵雨转多云,25~32℃
545,2012/07/19   星期四,多云,26~34℃
546,2012/07/20   星期五,多云转中雨,25~35℃
547,2012/07/21   星期六,多云转晴,27~36℃
548,2012/07/22   星期日,多云,27~35℃
549,2012/07/23   星期一,多云,27~34℃
550,2012/07/24   星期二,多云,27~34℃
551,2012/07/25   星期三,多云,27~34℃
552,2012/07/26   星期四,多云,26~33℃
553,2012/07/27   星期五,多云,25~34℃
554,2012/07/28   星期六,多云,26~34℃
555,2012/07/29   星期日,多云,27~35℃
556,2012/07/30   星期一,多云,27~35℃
557,2012/08/01   星期三,多云转阵雨,26~33℃
558,2012/08/02   星期四,小雨转大到暴雨,26~31℃
559,2012/08/03   星期五,大到暴雨转大雨,26~30℃
560,2012/08/04   星期六,中雨转阵雨,26~31℃
561,2012/08/05   星期日,多云转阵雨,25~31℃
562,2012/08/06   星期一,阵雨转中到大雨,25~30℃
563,2012/08/07   星期二,中到大雨转大到暴雨,25~29℃
564,2012/08/08   星期三,暴雨到大暴雨,26~28℃
565,2012/08/09   星期四,阵雨,25~29℃
566,2012/08/10   星期五,阴转阵雨,26~34℃
567,2012/08/11   星期六,多云,27~33℃
568,2012/08/12   星期日,多云,27~34℃
569,2012/08/13   星期一,多云,27~35℃
570,2012/08/14   星期二,多云,27~36℃
571,2012/08/15   星期三,多云转晴,27~36℃
572,2012/08/16   星期四,晴转多云,27~34℃
573,2012/08/17   星期五,多云转阵雨,27~34℃
574,2012/08/18   星期六,多云,27~34℃
575,2012/08/19   星期日,多云,27~35℃
576,2012/08/20   星期一,晴转多云,27~35℃
577,2012/08/21   星期二,多云,27~34℃
578,2012/08/22   星期三,多云转中雨,25~32℃
579,2012/08/23   星期四,中雨,24~28℃
580,2012/08/24   星期五,阵雨转中雨,24~28℃
581,2012/08/25   星期六,阵雨转多云,24~31℃
582,2012/08/26   星期日,阵雨转中雨,25~29℃
583,2012/08/27   星期一,阵雨转大到暴雨,25~29℃
584,2012/08/28   星期二,中雨转小雨,25~33℃
585,2012/08/29   星期三,阵雨转中雨,25~30℃
586,2012/08/30   星期四,阴转多云,25~33℃
587,2012/09/01   星期六,多云,25~31℃
588,2012/09/02   星期日,多云,24~31℃
589,2012/09/03   星期一,多云转中到大雨,23~32℃
590,2012/09/04   星期二,雷阵雨转中雨,23~27℃
591,2012/09/05   星期三,小到中雨转阵雨,21~27℃
592,2012/09/06   星期四,阴转阵雨,22~27℃
593,2012/09/07   星期五,阵雨转雷阵雨,23~29℃
594,2012/09/08   星期六,阵雨转多云,23~32℃
595,2012/09/09   星期日,多云转中雨,24~30℃
596,2012/09/10   星期一,小到中雨转阵雨,23~28℃
597,2012/09/11   星期二,阴转多云,22~29℃
598,2012/09/12   星期三,多云,23~33℃
599,2012/09/13   星期四,中雨,20~26℃
600,2012/09/14   星期五,中雨转小雨,19~23℃
601,2012/09/15   星期六,小雨转阴,19~24℃
602,2012/09/16   星期日,阵雨,20~24℃
603,2012/09/17   星期一,多云,19~26℃
604,2012/09/18   星期二,晴,16~28℃
605,2012/09/19   星期三,晴,16~29℃
606,2012/09/20   星期四,晴,18~30℃
607,2012/09/21   星期五,多云转阵雨,19~28℃
608,2012/09/22   星期六,小到中雨转中雨,21~23℃
609,2012/09/23   星期日,多云,17~24℃
610,2012/09/24   星期一,多云转晴,18~27℃
611,2012/09/25   星期二,多云,18~27℃
612,2012/09/26   星期三,多云转阴,18~27℃
613,2012/09/27   星期四,多云,19~27℃
614,2012/09/28   星期五,多云,18~27℃
615,2012/09/29   星期六,多云,16~23℃
616,2012/09/30   星期日,晴,15~25℃
617,2012/10/01   星期一,晴,13~25℃
618,2012/10/02   星期二,晴,12~25℃
619,2012/10/03   星期三,晴转多云,13~26℃
620,2012/10/04   星期四,多云转晴,14~26℃
621,2012/10/05   星期五,晴转多云,15~26℃
622,2012/10/06   星期六,多云,15~26℃
623,2012/10/07   星期日,多云,17~25℃
624,2012/10/08   星期一,多云,16~25℃
625,2012/10/09   星期二,多云,16~25℃
626,2012/10/10   星期三,多云转晴,16~26℃
627,2012/10/11   星期四,多云,14~23℃
628,2012/10/12   星期五,晴,14~25℃
629,2012/10/13   星期六,多云,14~25℃
630,2012/10/14   星期日,多云,15~25℃
631,2012/10/15   星期一,多云,18~26℃
632,2012/10/16   星期二,多云,17~26℃
633,2012/10/17   星期三,阴转多云,17~22℃
634,2012/10/18   星期四,多云转晴,11~20℃
635,2012/10/19   星期五,晴,11~24℃
636,2012/10/20   星期六,晴,13~27℃
637,2012/10/21   星期日,晴转多云,16~28℃
638,2012/10/22   星期一,多云转小雨,19~26℃
639,2012/10/23   星期二,小雨转多云,14~24℃
640,2012/10/24   星期三,晴转多云,10~25℃
641,2012/10/25   星期四,阴转多云,16~25℃
642,2012/10/26   星期五,多云,17~27℃
643,2012/10/27   星期六,多云,18~28℃
644,2012/10/28   星期日,阴转多云,17~23℃
645,2012/10/29   星期一,多云转小雨,16~22℃
646,2012/10/30   星期二,中雨转小雨,15~18℃
647,2012/11/01   星期四,多云转晴,9~19℃
648,2012/11/02   星期五,多云,11~20℃
649,2012/11/03   星期六,多云转小雨,13~21℃
650,2012/11/04   星期日,小到中雨转阴,12~17℃
651,2012/11/05   星期一,晴,8~18℃
652,2012/11/06   星期二,晴,8~18℃
653,2012/11/07   星期三,晴,6~20℃
654,2012/11/08   星期四,多云转小雨,9~19℃
655,2012/11/09   星期五,小到中雨转中到大雨,13~17℃
656,2012/11/10   星期六,中雨,16~21℃
657,2012/11/11   星期日,阴转多云,10~15℃
658,2012/11/12   星期一,晴,5~18℃
659,2012/11/13   星期二,多云转晴,7~19℃
660,2012/11/14   星期三,晴,6~17℃
661,2012/11/15   星期四,晴转多云,7~17℃
662,2012/11/16   星期五,小雨转中到大雨,12~16℃
663,2012/11/17   星期六,小到中雨转晴,9~15℃
664,2012/11/18   星期日,晴,5~17℃
665,2012/11/19   星期一,晴,5~18℃
666,2012/11/20   星期二,多云转阴,7~18℃
667,2012/11/21   星期三,小雨转中雨,12~15℃
668,2012/11/22   星期四,小雨转中雨,13~17℃
669,2012/11/23   星期五,中到大雨转小雨,8~14℃
670,2012/11/24   星期六,阴转多云,6~12℃
671,2012/11/25   星期日,阴转中雨,8~15℃
672,2012/11/26   星期一,小雨转阴,7~11℃
673,2012/11/27   星期二,多云,2~13℃
674,2012/11/28   星期三,阴转小雨,7~14℃
675,2012/11/29   星期四,小雨转阴,9~14℃
676,2012/11/30   星期五,小雨,10~12℃
677,2012/12/01   星期六,小雨转中雨,9~11℃
678,2012/12/02   星期日,中雨转小雨,10~13℃
679,2012/12/03   星期一,阴转多云,6~13℃
680,2012/12/04   星期二,晴,3~11℃
681,2012/12/05   星期三,阴转晴,5~12℃
682,2012/12/06   星期四,晴,1~12℃
683,2012/12/07   星期五,多云转晴,3~15℃
684,2012/12/08   周六,多云,0~9℃
685,2012/12/09   周日,多云,0~9℃
686,2012/12/10   周一,多云,4~10℃
687,2012/12/11   星期二,多云,4~10℃
688,2012/12/12   星期三,多云,5~12℃
689,2012/12/13   星期四,多云,5~16℃
690,2012/12/14   星期五,阴转阵雨,11~22℃
691,2012/12/15   星期六,中雨,10~16℃
692,2012/12/16   星期日,小雨,8~12℃
693,2012/12/17   星期一,小雨转阴,7~10℃
694,2012/12/18   星期二,小雨,4~7℃
695,2012/12/19   星期三,阴转多云,0~9℃
696,2012/12/20   星期四,多云转小雨,2~11℃
697,2012/12/21   星期五,中雨转小雨,6~11℃
698,2012/12/22   星期六,小雨,5~8℃
699,2012/12/23   星期日,阴转多云,0~4℃
700,2012/12/24   星期一,晴,-3~7℃
701,2012/12/25   星期二,晴转多云,0~10℃
702,2012/12/26   星期三,小雨,7~9℃
703,2012/12/27   星期四,小雨转中到大雨,7~11℃
704,2012/12/28   星期五,中雨转阴,8~11℃
705,2012/12/29   星期六,阴转中雨,3~11℃
706,2012/12/30   星期日,小到中雪转阴,-1~3℃
707,2013/01/01   星期二,晴,-3~10℃
708,2013/01/02   星期三,晴转多云,0~7℃
709,2013/01/03   星期四,雨夹雪转小雪,-1~3℃
710,2013/01/04   星期五,小到中雪,-1~2℃
711,2013/01/05   星期六,中雪转雨夹雪,0~3℃
712,2013/01/06   星期日,小雨,1~4℃
713,2013/01/07   星期一,小雨,0~3℃
714,2013/01/08   星期二,小雨,0~4℃
715,2013/01/09   星期三,雨夹雪,1~4℃
716,2013/01/10   星期四,多云,0~8℃
717,2013/01/11   星期五,晴转多云,-1~10℃
718,2013/01/12   星期六,阴,2~10℃
719,2013/01/13   星期日,中雨,4~7℃
720,2013/01/14   星期一,阴转晴,2~10℃
721,2013/01/15   星期二,晴,1~12℃
722,2013/01/16   星期三,阴转多云,3~9℃
723,2013/01/17   星期四,阴转多云,1~6℃
724,2013/01/18   星期五,多云转晴,-2~7℃
725,2013/01/19   星期六,晴,-2~12℃
726,2013/01/20   星期日,多云转小雨,6~16℃
727,2013/01/21   星期一,阴转小雨,8~14℃
728,2013/01/22   星期二,小雨转阴,4~7℃
729,2013/01/23   星期三,阴转多云,1~11℃
730,2013/01/24   星期四,多云,1~12℃
731,2013/01/25   星期五,多云转晴,0~10℃
732,2013/01/26   星期六,晴转多云,-2~13℃
733,2013/01/27   星期日,晴,1~10℃
734,2013/01/28   星期一,晴,-2~13℃
735,2013/01/29   星期二,多云转阴,5~16℃
736,2013/01/30   星期三,多云转晴,5~19℃
737,2013/02/01   星期五,小雨,14~19℃
738,2013/02/02   星期六,小雨转阴,7~13℃
739,2013/02/03   星期日,阴转多云,6~15℃
740,2013/02/04   星期一,多云转小雨,8~16℃
741,2013/02/05   星期二,中雨转小到中雨,7~11℃
742,2013/02/06   星期三,阴转多云,4~9℃
743,2013/02/07   星期四,小雨转中雨,2~6℃
744,2013/02/08   星期五,小雪,-1~2℃
745,2013/02/09   星期六,小雪转阴,-1~2℃
746,2013/02/10   星期日,阴,0~6℃
747,2013/02/11   星期一,阴转小雨,3~8℃
748,2013/02/12   星期二,小到中雨转小雨,5~8℃
749,2013/02/13   星期三,多云,2~10℃
750,2013/02/14   星期四,小雨,7~11℃
751,2013/02/15   星期五,小雨转阴,5~8℃
752,2013/02/16   星期六,阴转多云,2~12℃
753,2013/02/17   星期日,多云转阴,7~19℃
754,2013/02/18   星期一,小雨转小到中雨,6~13℃
755,2013/02/19   星期二,中雨转小到中雨,2~6℃
756,2013/02/20   星期三,阴,2~7℃
757,2013/02/21   星期四,阴转小雨,4~9℃
758,2013/02/22   星期五,小雨转阴,7~11℃
759,2013/02/23   星期六,多云转晴,2~13℃
760,2013/02/24   星期日,雾转多云,2~16℃
761,2013/02/25   星期一,小雨转阴,10~18℃
762,2013/02/26   星期二,小雨转小到中雨,10~15℃
763,2013/02/27   星期三,阴转多云,8~13℃
764,2013/02/28   星期四,阴转多云,9~20℃
765,2013/03/01   星期五,小雨转中到大雨,3~14℃
766,2013/03/02   星期六,小雨转多云,2~6℃
767,2013/03/03   星期日,多云转晴,0~12℃
768,2013/03/04   星期一,晴,1~18℃
769,2013/03/05   星期二,晴,4~20℃
770,2013/03/06   星期三,晴,7~23℃
771,2013/03/07   星期四,多云转晴,9~26℃
772,2013/03/08   星期五,晴,11~28℃
773,2013/03/09   星期六,晴,13~32℃
774,2013/03/10   星期日,多云转小雨,7~21℃
775,2013/03/11   星期一,阴转多云,7~14℃
776,2013/03/12   星期二,多云,7~24℃
777,2013/03/13   星期三,阵雨转中雨,7~16℃
778,2013/03/14   星期四,阴转多云,3~12℃
779,2013/03/15   星期五,晴转多云,2~16℃
780,2013/03/16   星期六,多云,8~21℃
781,2013/03/17   星期日,小雨转中雨,12~23℃
782,2013/03/18   星期一,中雨转多云,13~22℃
783,2013/03/19   星期二,多云转阵雨,12~22℃
784,2013/03/20   星期三,中雨转阴,7~18℃
785,2013/03/21   星期四,多云,5~15℃
786,2013/03/22   星期五,阵雨转小雨,10~21℃
787,2013/03/23   星期六,小雨转中雨,10~15℃
788,2013/03/24   星期日,小到中雨转小雨,9~12℃
789,2013/03/25   星期一,小雨转多云,6~13℃
790,2013/03/26   星期二,阵雨,6~10℃
791,2013/03/27   星期三,小雨转多云,7~17℃
792,2013/03/28   星期四,多云,7~18℃
793,2013/03/29   星期五,阵雨转阴,10~15℃
794,2013/03/30   星期六,多云转阴,8~17℃
795,2013/04/01   星期一,多云转阴,10~19℃
796,2013/04/02   星期二,阴转多云,10~16℃
797,2013/04/03   星期三,多云,6~21℃
798,2013/04/04   星期四,小雨,11~20℃
799,2013/04/05   星期五,小雨转中雨,14~18℃
800,2013/04/06   星期六,小到中雨转小雨,8~16℃
801,2013/04/07   星期日,多云转晴,4~17℃
802,2013/04/08   星期一,晴,6~23℃
803,2013/04/09   星期二,多云,9~19℃
804,2013/04/10   星期三,阴转晴,8~19℃
805,2013/04/11   星期四,晴,8~20℃
806,2013/04/12   星期五,晴,7~24℃
807,2013/04/13   星期六,晴,12~28℃
808,2013/04/14   星期日,晴,15~30℃
809,2013/04/15   星期一,晴,15~32℃
810,2013/04/16   星期二,晴转雷阵雨,17~29℃
811,2013/04/17   星期三,阵雨转阴,17~25℃
812,2013/04/18   星期四,阴转阵雨,14~26℃
813,2013/04/19   星期五,阴,11~15℃
814,2013/04/20   星期六,小雨,10~14℃
815,2013/04/21   星期日,阴转多云,7~15℃
816,2013/04/22   星期一,多云,6~20℃
817,2013/04/23   星期二,雷阵雨转中雨,14~23℃
818,2013/04/24   星期三,小到中雨转多云,15~22℃
819,2013/04/25   星期四,多云,12~25℃
820,2013/04/26   星期五,多云转晴,10~26℃
821,2013/04/27   星期六,晴,13~28℃
822,2013/04/28   星期日,晴转多云,16~26℃
823,2013/04/29   星期一,多云,18~30℃
824,2013/04/30   星期二,暴雨转中雨,13~24℃
825,2013/05/01   星期三,阴转多云,11~21℃
826,2013/05/02   星期四,晴,10~23℃
827,2013/05/03   星期五,晴,11~24℃
828,2013/05/04   星期六,晴,13~26℃
829,2013/05/05   星期日,晴转多云,15~25℃
830,2013/05/06   星期一,阵雨,16~21℃
831,2013/05/07   星期二,小雨,17~22℃
832,2013/05/08   星期三,小雨转阵雨,17~21℃
833,2013/05/09   星期四,小雨转中雨,19~23℃
834,2013/05/10   星期五,小雨转阴,20~26℃
835,2013/05/11   星期六,小雨转多云,19~27℃
836,2013/05/12   星期日,晴,17~30℃
837,2013/05/13   星期一,晴,17~30℃
838,2013/05/14   星期二,晴,20~30℃
839,2013/05/15   星期三,多云转阵雨,21~27℃
840,2013/05/16   星期四,大到暴雨转大雨,20~23℃
841,2013/05/17   星期五,小雨,20~24℃
842,2013/05/18   星期六,小雨转阵雨,19~24℃
843,2013/05/19   星期日,阵雨转多云,20~28℃
844,2013/05/20   星期一,多云,18~30℃
845,2013/05/21   星期二,多云,19~30℃
846,2013/05/22   星期三,多云,18~29℃
847,2013/05/23   星期四,阵雨,22~25℃
848,2013/05/24   星期五,多云,21~30℃
849,2013/05/25   星期六,多云,22~30℃
850,2013/05/26   星期日,多云,22~28℃
851,2013/05/27   星期一,阵雨转中雨,24~29℃
852,2013/05/28   星期二,阴转多云,22~33℃
853,2013/05/29   星期三,晴转雷阵雨,23~35℃
854,2013/05/30   星期四,阵雨,21~25℃
855,2013/06/01   星期六,小雨转中雨,21~27℃
856,2013/06/02   星期日,小雨,20~24℃
857,2013/06/03   星期一,阴转多云,16~28℃
858,2013/06/04   星期二,晴转多云,18~30℃
859,2013/06/05   星期三,阵雨,21~27℃
860,2013/06/06   星期四,多云,21~30℃
861,2013/06/07   星期五,中雨转暴雨,22~24℃
862,2013/06/08   星期六,小雨转阵雨,22~27℃
863,2013/06/09   星期日,多云,21~27℃
864,2013/06/10   星期一,小雨,21~24℃
865,2013/06/11   星期二,阴转小雨,20~26℃
866,2013/06/12   星期三,阵雨,21~24℃
867,2013/06/13   星期四,阵雨,20~25℃
868,2013/06/14   星期五,中雨,19~23℃
869,2013/06/15   星期六,小雨转阵雨,20~29℃
870,2013/06/16   星期日,阴转阵雨,24~32℃
871,2013/06/17   星期一,多云,24~35℃
872,2013/06/18   星期二,多云转雷阵雨,26~36℃
873,2013/06/19   星期三,多云,27~36℃
874,2013/06/20   星期四,多云,25~33℃
875,2013/06/21   星期五,多云转阴,24~29℃
876,2013/06/22   星期六,阵雨,24~29℃
877,2013/06/23   星期日,阴转雷阵雨,25~34℃
878,2013/06/24   星期一,多云转中雨,26~32℃
879,2013/06/25   星期二,阵雨转中雨,25~33℃
880,2013/06/26   星期三,阵雨,25~29℃
881,2013/06/27   星期四,大雨转暴雨,23~26℃
882,2013/06/28   星期五,大雨转小雨,23~27℃
883,2013/06/29   星期六,阵雨,22~27℃
884,2013/06/30   星期日,阵雨,23~32℃
885,2013/07/01   星期一,多云,25~34℃
886,2013/07/02   星期二,多云,26~37℃
887,2013/07/03   星期三,晴,28~38℃
888,2013/07/04   星期四,晴,28~38℃
889,2013/07/05   星期五,晴转多云,28~37℃
890,2013/07/06   星期六,多云转雷阵雨,28~35℃
891,2013/07/07   星期日,多云,27~36℃
892,2013/07/08   星期一,多云转晴,28~36℃
893,2013/07/09   星期二,多云转晴,28~37℃
894,2013/07/10   星期三,晴,28~37℃
895,2013/07/11   星期四,晴,26~37℃
896,2013/07/12   星期五,晴转多云,25~35℃
897,2013/07/13   星期六,阵雨,27~32℃
898,2013/07/14   星期日,阵雨转多云,28~34℃
899,2013/07/15   星期一,多云转晴,26~36℃
900,2013/07/16   星期二,晴转多云,27~35℃
901,2013/07/17   星期三,晴转多云,27~35℃
902,2013/07/18   星期四,晴转多云,26~34℃
903,2013/07/19   星期五,多云,26~34℃
904,2013/07/20   星期六,多云,26~35℃
905,2013/07/21   星期日,多云,27~36℃
906,2013/07/22   星期一,多云转晴,28~37℃
907,2013/07/23   星期二,晴,28~39℃
908,2013/07/24   星期三,晴,28~39℃
909,2013/07/25   星期四,晴,28~40℃
910,2013/07/26   星期五,多云,29~39℃
911,2013/07/27   星期六,晴,28~39℃
912,2013/07/28   星期日,多云,28~39℃
913,2013/07/29   星期一,多云,29~40℃
914,2013/07/30   星期二,多云转雷阵雨,29~39℃
915,2013/08/01   星期四,多云,27~39℃
916,2013/08/02   星期五,晴转多云,26~36℃
917,2013/08/03   星期六,多云,26~37℃
918,2013/08/04   星期日,多云,28~38℃
919,2013/08/05   星期一,多云转晴,28~39℃
920,2013/08/06   星期二,晴,28~40℃
921,2013/08/07   星期三,晴,29~40℃
922,2013/08/08   星期四,晴,29~40℃
923,2013/08/09   星期五,晴,29~41℃
924,2013/08/10   星期六,晴,28~40℃
925,2013/08/11   星期日,晴,27~39℃
926,2013/08/12   星期一,晴,27~37℃
927,2013/08/13   星期二,晴转多云,27~36℃
928,2013/08/14   星期三,多云,27~36℃
929,2013/08/15   星期四,多云,27~36℃
930,2013/08/16   星期五,多云,27~35℃
931,2013/08/17   星期六,多云,26~36℃
932,2013/08/18   星期日,多云,26~35℃
933,2013/08/19   星期一,中到大雨转中雨,26~32℃
934,2013/08/20   星期二,多云转阵雨,25~33℃
935,2013/08/21   星期三,阵雨转中到大雨,27~31℃
936,2013/08/22   星期四,中到大雨转中雨,27~31℃
937,2013/08/23   星期五,小雨转多云,26~33℃
938,2013/08/24   星期六,多云,26~35℃
939,2013/08/25   星期日,多云转中雨,26~33℃
940,2013/08/26   星期一,阵雨转中雨,26~30℃
941,2013/08/27   星期二,中雨转阵雨,25~33℃
942,2013/08/28   星期三,多云,26~36℃
943,2013/08/29   星期四,多云,26~35℃
944,2013/08/30   星期五,多云转中到大雨,26~31℃
945,2013/09/01   星期日,多云,23~30℃
946,2013/09/02   星期一,多云,22~30℃
947,2013/09/03   星期二,多云,20~29℃
948,2013/09/04   星期三,多云,21~28℃
949,2013/09/05   星期四,多云,20~28℃
950,2013/09/06   星期五,阵雨,22~26℃
951,2013/09/07   星期六,小雨,22~25℃
952,2013/09/08   星期日,小雨转多云,21~28℃
953,2013/09/09   星期一,多云,22~31℃
954,2013/09/10   星期二,晴转多云,23~34℃
955,2013/09/11   星期三,晴转多云,25~34℃
956,2013/09/12   星期四,多云,25~35℃
957,2013/09/13   星期五,多云,25~35℃
958,2013/09/14   星期六,雷阵雨,25~31℃
959,2013/09/15   星期日,多云,24~30℃
960,2013/09/16   星期一,晴,22~31℃
961,2013/09/17   星期二,晴转多云,21~30℃
962,2013/09/18   星期三,多云,22~30℃
963,2013/09/19   星期四,多云,23~30℃
964,2013/09/20   星期五,多云转阵雨,23~29℃
965,2013/09/21   星期六,阵雨,24~28℃
966,2013/09/22   星期日,阵雨转小到中雨,25~28℃
967,2013/09/23   星期一,阵雨转多云,26~32℃
968,2013/09/24   星期二,多云,25~32℃
969,2013/09/25   星期三,阵雨转小雨,20~27℃
970,2013/09/26   星期四,阴转多云,19~24℃
971,2013/09/27   星期五,多云,18~28℃
972,2013/09/28   星期六,多云转阴,18~28℃
973,2013/09/29   星期日,阴转小雨,20~26℃
974,2013/09/30   星期一,阴转多云,20~27℃
975,2013/10/01   星期二,多云,18~29℃
976,2013/10/02   星期三,多云,18~28℃
977,2013/10/03   星期四,多云,17~25℃
978,2013/10/04   星期五,多云,18~26℃
979,2013/10/05   星期六,多云转阴,19~26℃
980,2013/10/06   星期日,小到中雨转大到暴雨,22~25℃
981,2013/10/07   星期一,暴雨转大雨,23~26℃
982,2013/10/08   星期二,中雨,23~26℃
983,2013/10/09   星期三,小雨,20~24℃
984,2013/10/10   星期四,阴转多云,19~26℃
985,2013/10/11   星期五,多云,20~30℃
986,2013/10/12   星期六,多云,18~28℃
987,2013/10/13   星期六,晴,17~28℃
988,2013/10/14   星期一,晴,17~28℃
989,2013/10/15   星期二,晴,17~28℃
990,2013/10/16   星期三,阴转多云,14~19℃
991,2013/10/17   星期四,多云,14~22℃
992,2013/10/18   星期五,阴转小雨,16~22℃
993,2013/10/19   星期六,小雨,17~21℃
994,2013/10/20   星期日,多云,16~23℃
995,2013/10/21   星期一,多云,16~23℃
996,2013/10/22   星期二,多云,14~23℃
997,2013/10/23   星期三,阴转多云,15~22℃
998,2013/10/24   星期四,多云,16~21℃
999,2013/10/25   星期五,多云,14~19℃
1000,2013/10/26   星期六,阴转多云,12~20℃
1001,2013/10/27   星期日,晴,9~22℃
1002,2013/10/28   星期一,晴转多云,10~23℃
1003,2013/10/29   星期二,晴转多云,13~25℃
1004,2013/10/30   星期三,多云转阴,15~22℃
1005,2013/11/01   星期五,阴转多云,16~22℃
1006,2013/11/02   星期六,小雨,17~22℃
1007,2013/11/03   星期日,小雨,18~22℃
1008,2013/11/04   星期一,阴转多云,15~21℃
1009,2013/11/05   星期二,多云,12~22℃
1010,2013/11/06   星期三,多云转阴,12~23℃
1011,2013/11/07   星期四,多云转晴,13~23℃
1012,2013/11/08   星期五,晴转多云,12~25℃
1013,2013/11/09   星期六,晴转多云,16~29℃
1014,2013/11/10   星期日,小雨,15~23℃
1015,2013/11/11   星期一,阴转多云,14~17℃
1016,2013/11/12   星期二,小雨,13~15℃
1017,2013/11/13   星期三,小雨转阴,11~16℃
1018,2013/11/14   星期四,阴转小雨,13~18℃
1019,2013/11/15   星期五,阴转多云,11~20℃
1020,2013/11/16   星期六,晴,7~19℃
1021,2013/11/17   星期日,晴,8~16℃
1022,2013/11/18   星期一,晴,5~15℃
1023,2013/11/19   星期二,晴,3~16℃
1024,2013/11/20   星期三,晴,2~19℃
1025,2013/11/21   星期四,晴,7~22℃
1026,2013/11/22   星期五,晴转多云,9~22℃
1027,2013/11/23   星期六,多云,10~22℃
1028,2013/11/24   星期日,阴转中雨,12~23℃
1029,2013/11/25   星期一,小雨转晴,7~15℃
1030,2013/11/26   星期二,晴,4~15℃
1031,2013/11/27   星期三,多云,6~15℃
1032,2013/11/28   星期四,阴转多云,1~8℃
1033,2013/11/29   星期五,晴,0~10℃
1034,2013/11/30   星期六,晴转多云,0~15℃
1035,2013/12/01   星期日,晴转多云,4~15℃
1036,2013/12/02   星期一,晴,3~16℃
1037,2013/12/03   星期二,晴,3~19℃
1038,2013/12/04   星期三,多云,5~17℃
1039,2013/12/05   星期四,霾,5~18℃
1040,2013/12/06   星期五,霾转多云,8~17℃
1041,2013/12/07   星期六,雾转霾,7~17℃
1042,2013/12/08   星期日,雾转霾,7~19℃
1043,2013/12/09   星期一,小雨转多云,9~15℃
1044,2013/12/10   星期二,阴转晴,3~10℃
1045,2013/12/11   星期三,晴转多云,2~11℃
1046,2013/12/12   星期四,晴转多云,2~13℃
1047,2013/12/13   星期五,阴转多云,6~13℃
1048,2013/12/14   星期六,晴转多云,5~15℃
1049,2013/12/15   星期日,阴转小雨,8~12℃
1050,2013/12/16   星期一,中雨转大雨,8~10℃
1051,2013/12/17   星期二,大雨转中雨,6~8℃
1052,2013/12/18   星期三,小雨转阴,5~9℃
1053,2013/12/19   星期四,多云,2~8℃
1054,2013/12/20   星期五,晴,0~8℃
1055,2013/12/21   星期六,霾,-1~7℃
1056,2013/12/22   星期日,霾,1~9℃
1057,2013/12/23   星期一,晴,0~10℃
1058,2013/12/24   星期二,晴转多云,-1~9℃
1059,2013/12/25   星期三,多云,1~10℃
1060,2013/12/26   星期四,霾,3~9℃
1061,2013/12/27   星期五,多云,0~5℃
1062,2013/12/28   星期六,晴,-3~6℃
1063,2013/12/29   星期日,晴,-3~7℃
1064,2013/12/30   星期一,晴,-3~11℃
1065,2014/01/01   星期三,晴,1~17℃
1066,2014/01/02   星期四,晴,2~19℃
1067,2014/01/03   星期五,多云,6~19℃
1068,2014/01/04   星期六,多云,4~12℃
1069,2014/01/05   星期日,霾转晴,3~12℃
1070,2014/01/06   星期一,霾转多云,2~13℃
1071,2014/01/07   星期二,多云,3~17℃
1072,2014/01/08   星期三,小雨,7~11℃
1073,2014/01/09   星期四,阴转多云,1~6℃
1074,2014/01/10   星期五,多云转晴,-2~10℃
1075,2014/01/11   星期六,多云转小雨,3~9℃
1076,2014/01/12   星期日,小雨,4~7℃
1077,2014/01/13   星期一,阴,1~7℃
1078,2014/01/14   星期二,阴转多云,0~8℃
1079,2014/01/15   星期三,多云转晴,-2~10℃
1080,2014/01/16   星期四,多云转晴,0~12℃
1081,2014/01/17   星期五,晴转多云,1~14℃
1082,2014/01/18   星期六,多云转晴,1~9℃
1083,2014/01/19   星期日,霾,-1~11℃
1084,2014/01/20   星期一,雾,-1~10℃
1085,2014/01/21   星期二,多云,-1~11℃
1086,2014/01/22   星期三,晴,-3~8℃
1087,2014/01/23   星期四,晴,-3~13℃
1088,2014/01/24   星期五,晴,3~19℃
1089,2014/01/25   星期六,晴转多云,8~22℃
1090,2014/01/26   星期日,阴转多云,4~11℃
1091,2014/01/27   星期一,多云,2~11℃
1092,2014/01/28   星期二,晴,5~14℃
1093,2014/01/29   星期三,多云,7~19℃
1094,2014/01/30   星期四,阴转多云,10~22℃
1095,2014/02/01   星期六,晴转多云,12~25℃
1096,2014/02/02   星期六,晴转多云,13~25℃
1097,2014/02/03   星期一,晴转多云,13~25℃
1098,2014/02/04   星期二,小雨转阴,5~12℃
1099,2014/02/05   星期三,阴,4~10℃
1100,2014/02/06   星期四,小雨,8~14℃
1101,2014/02/07   星期五,小雨转中雨,6~9℃
1102,2014/02/08   星期六,小雨转阴,4~8℃
1103,2014/02/09   星期日,阴转雨夹雪,2~4℃
1104,2014/02/10   星期一,雨夹雪转小雪,1~4℃
1105,2014/02/11   星期二,多云转阴,-2~5℃
1106,2014/02/12   星期三,阴转小雨,2~5℃
1107,2014/02/13   星期四,雨夹雪转小雨,2~6℃
1108,2014/02/14   星期五,小雨转阴,3~8℃
1109,2014/02/15   星期六,多云,1~11℃
1110,2014/02/16   星期日,小雨,5~10℃
1111,2014/02/17   星期一,小雨,8~10℃
1112,2014/02/18   星期二,小雨,6~10℃
1113,2014/02/19   星期三,中雪转小雪,1~4℃
1114,2014/02/20   星期四,多云,-2~9℃
1115,2014/02/21   星期五,晴,-1~10℃
1116,2014/02/22   星期六,多云,0~13℃
1117,2014/02/23   星期日,多云,3~15℃
1118,2014/02/24   星期一,多云转小雨,5~14℃
1119,2014/02/25   星期二,中雨,10~13℃
1120,2014/02/26   星期三,小雨转多云,10~16℃
1121,2014/02/27   星期四,雾转多云,7~15℃
1122,2014/02/28   星期五,阴转小雨,9~14℃
1123,2014/03/01   星期六,中雨转小雨,6~10℃
1124,2014/03/02   星期日,小雨转多云,5~10℃
1125,2014/03/03   星期一,多云转阴,6~11℃
1126,2014/03/04   星期二,小雨,8~11℃
1127,2014/03/05   星期四,多云转阴,5~11℃
1128,2014/03/06   星期四,多云转小雨,4~7℃
1129,2014/03/07   星期五,小雨,4~9℃
1130,2014/03/08   星期六,小雨转中雨,5~8℃
1131,2014/03/09   星期日,阴转多云,4~12℃
1132,2014/03/10   星期一,晴,3~14℃
1133,2014/03/11   星期二,晴,3~14℃
1134,2014/03/12   星期三,小雨转阵雨,11~18℃
1135,2014/03/13   星期四,阵雨转多云,7~13℃
1136,2014/03/14   星期五,多云转晴,2~15℃
1137,2014/03/15   星期六,晴,4~20℃
1138,2014/03/16   星期日,晴转多云,10~24℃
1139,2014/03/17   星期一,阵雨,14~24℃
1140,2014/03/18   星期二,晴转多云,12~28℃
1141,2014/03/19   星期三,多云转阵雨,13~22℃
1142,2014/03/20   星期四,小雨,8~13℃
1143,2014/03/21   星期五,晴,5~14℃
1144,2014/03/22   星期六,晴,1~17℃
1145,2014/03/23   星期日,晴,5~20℃
1146,2014/03/24   星期一,多云,11~23℃
1147,2014/03/25   星期二,阴转阵雨,15~24℃
1148,2014/03/26   星期三,多云,15~23℃
1149,2014/03/27   星期四,多云,13~23℃
1150,2014/03/28   星期五,多云转阵雨,14~22℃
1151,2014/03/29   星期六,阵雨转中雨,16~25℃
1152,2014/03/30   星期日,阴转多云,13~21℃
1153,2014/04/01   星期二,阴转小雨,11~17℃
1154,2014/04/02   星期三,多云转阴,10~17℃
1155,2014/04/03   星期四,阴转小雨,13~18℃
1156,2014/04/04   星期五,多云转晴,9~18℃
1157,2014/04/05   星期六,晴,8~24℃
1158,2014/04/06   星期日,晴转多云,8~19℃
1159,2014/04/07   星期一,小雨,12~18℃
1160,2014/04/08   星期二,阴转多云,11~20℃
1161,2014/04/09   星期三,多云转晴,11~24℃
1162,2014/04/10   星期四,多云,12~25℃
1163,2014/04/11   星期五,多云,14~23℃
1164,2014/04/12   星期六,阵雨,15~20℃
1165,2014/04/13   星期日,阵雨转多云,14~19℃
1166,2014/04/14   星期一,多云转晴,11~22℃
1167,2014/04/15   星期二,晴转多云,10~24℃
1168,2014/04/16   星期三,阴转阵雨,14~22℃
1169,2014/04/17   星期四,多云转阵雨,18~30℃
1170,2014/04/18   星期五,阵雨转多云,16~22℃
1171,2014/04/19   星期六,阵雨,14~19℃
1172,2014/04/20   星期日,阵雨转阴,14~19℃
1173,2014/04/21   星期一,阴转阵雨,12~17℃
1174,2014/04/22   星期二,阵雨转小雨,12~17℃
1175,2014/04/23   星期三,多云,11~21℃
1176,2014/04/24   星期四,多云转阵雨,12~20℃
1177,2014/04/25   星期五,阴转阵雨,15~19℃
1178,2014/04/26   星期六,阵雨转中雨,16~20℃
1179,2014/04/27   星期日,中雨转小雨,17~23℃
1180,2014/04/28   星期一,多云,14~22℃
1181,2014/04/29   星期二,多云转晴,13~25℃
1182,2014/04/30   星期三,晴,12~26℃
1183,2014/05/01   星期四,晴,13~29℃
1184,2014/05/02   星期五,晴,15~30℃
1185,2014/05/03   星期六,晴转多云,16~25℃
1186,2014/05/04   星期日,多云转中雨,17~24℃
1187,2014/05/05   星期一,中雨转多云,13~20℃
1188,2014/05/06   星期二,多云,11~23℃
1189,2014/05/07   星期三,晴转多云,12~27℃
1190,2014/05/08   星期四,多云,15~29℃
1191,2014/05/09   星期五,多云转阵雨,17~22℃
1192,2014/05/10   星期六,阵雨,18~23℃
1193,2014/05/11   星期日,阵雨转中雨,20~25℃
1194,2014/05/12   星期一,中雨转多云,17~27℃
1195,2014/05/13   星期二,多云转阴,15~26℃
1196,2014/05/14   星期三,中雨,20~26℃
1197,2014/05/15   星期四,阴转多云,19~26℃
1198,2014/05/16   星期五,多云,15~27℃
1199,2014/05/17   星期六,阵雨转中雨,19~22℃
1200,2014/05/18   星期日,阵雨,18~21℃
1201,2014/05/19   星期一,阴转阵雨,18~25℃
1202,2014/05/20   星期二,阵雨转多云,19~28℃
1203,2014/05/21   星期三,晴,16~29℃
1204,2014/05/22   星期四,小雨,20~24℃
1205,2014/05/23   星期五,阴转多云,18~27℃
1206,2014/05/24   星期六,多云,19~26℃
1207,2014/05/25   星期日,阵雨转中雨,22~29℃
1208,2014/05/26   星期一,阵雨转多云,23~32℃
1209,2014/05/27   星期二,多云,22~33℃
1210,2014/05/28   星期三,多云转晴,21~34℃
1211,2014/05/29   星期四,多云,22~33℃
1212,2014/05/30   星期五,多云,23~29℃
1213,2014/06/01   星期日,阵雨转大雨,21~23℃
1214,2014/06/02   星期一,中雨转阵雨,22~30℃
1215,2014/06/03   星期二,多云,20~28℃
1216,2014/06/04   星期三,多云,19~27℃
1217,2014/06/05   星期四,多云,19~28℃
1218,2014/06/06   星期五,多云,19~29℃
1219,2014/06/07   星期五,多云,21~32℃
1220,2014/06/08   星期五,多云,21~32℃
1221,2014/06/09   星期一,多云,22~29℃
1222,2014/06/10   星期二,阴,22~27℃
1223,2014/06/11   星期三,多云转晴,19~29℃
1224,2014/06/12   星期四,晴转多云,18~31℃
1225,2014/06/13   星期五,多云,21~32℃
1226,2014/06/14   星期六,多云,22~30℃
1227,2014/06/15   星期日,阴转阵雨,23~27℃
1228,2014/06/16   星期一,阵雨,24~28℃
1229,2014/06/17   星期二,阴转多云,22~28℃
1230,2014/06/18   星期三,多云转阴,21~27℃
1231,2014/06/19   星期四,阵雨,23~28℃
1232,2014/06/20   星期五,阵雨转大雨,24~26℃
1233,2014/06/21   星期六,中雨,22~25℃
1234,2014/06/22   星期日,阵雨,21~24℃
1235,2014/06/23   星期一,阵雨转阴,19~25℃
1236,2014/06/24   星期二,阵雨转中雨,21~24℃
1237,2014/06/25   星期三,阵雨转中雨,22~29℃
1238,2014/06/26   星期四,暴雨转大雨,23~25℃
1239,2014/06/27   星期五,阵雨,21~27℃
1240,2014/06/28   星期六,中雨,19~24℃
1241,2014/06/29   星期日,阵雨转大雨,21~24℃
1242,2014/06/30   星期一,阵雨转中雨,22~27℃
1243,2014/07/01   星期二,阵雨,23~31℃
1244,2014/07/02   星期三,阵雨,24~31℃
1245,2014/07/03   星期四,多云转阵雨,24~29℃
1246,2014/07/04   星期五,阵雨,24~32℃
1247,2014/07/05   星期六,阵雨转雷阵雨,25~33℃
1248,2014/07/06   星期日,多云,24~30℃
1249,2014/07/07   星期一,多云,23~29℃
1250,2014/07/08   星期二,阵雨,24~31℃
1251,2014/07/09   星期三,多云,24~34℃
1252,2014/07/10   星期五,多云,35~26℃
1253,2014/07/11   星期五,多云,26~35℃
1254,2014/07/12   星期六,多云转雷阵雨,27~36℃
1255,2014/07/13   星期日,多云转中雨,26~31℃
1256,2014/07/14   星期一,大雨转阵雨,23~29℃
1257,2014/07/15   星期二,多云转雷阵雨,24~34℃
1258,2014/07/16   星期三,多云,26~35℃
1259,2014/07/17   星期四,多云转晴,26~35℃
1260,2014/07/18   星期五,晴,26~33℃
1261,2014/07/19   星期六,多云,26~33℃
1262,2014/07/20   星期日,多云转晴,26~34℃
1263,2014/07/21   星期一,晴,27~35℃
1264,2014/07/22   星期二,晴,26~33℃
1265,2014/07/23   星期三,多云转阵雨,26~33℃
1266,2014/07/24   星期四,阵雨,27~31℃
1267,2014/07/25   星期五,阵雨,28~34℃
1268,2014/07/26   星期六,多云转雷阵雨,28~35℃
1269,2014/07/27   星期日,多云转雷阵雨,26~34℃
1270,2014/07/28   星期一,多云转雷阵雨,25~34℃
1271,2014/07/29   星期二,多云,25~35℃
1272,2014/07/30   星期三,晴转多云,27~34℃
1273,2014/08/01   星期五,中雨转大雨,26~29℃
1274,2014/08/02   星期六,阵雨,26~31℃
1275,2014/08/03   星期日,多云,26~34℃
1276,2014/08/04   星期一,多云转晴,25~35℃
1277,2014/08/05   星期二,晴,26~36℃
1278,2014/08/06   星期三,晴,27~35℃
1279,2014/08/07   星期四,晴转多云,26~34℃
1280,2014/08/08   星期五,多云,26~32℃
1281,2014/08/09   星期六,多云,26~31℃
1282,2014/08/10   星期日,阵雨转阴,26~31℃
1283,2014/08/11   星期一,阴,26~30℃
1284,2014/08/12   星期二,阴转阵雨,24~28℃
1285,2014/08/13   星期三,多云,25~30℃
1286,2014/08/14   星期四,阵雨转中雨,25~30℃
1287,2014/08/15   星期五,阵雨转阴,24~28℃
1288,2014/08/16   星期六,阴转阵雨,23~28℃
1289,2014/08/17   星期日,阵雨转中雨,23~27℃
1290,2014/08/18   星期一,阵雨转中雨,23~27℃
1291,2014/08/19   星期二,大雨转中雨,22~25℃
1292,2014/08/20   星期三,大雨,22~26℃
1293,2014/08/21   星期四,阵雨转多云,21~32℃
1294,2014/08/22   星期五,多云,23~31℃
1295,2014/08/23   星期六,多云转雷阵雨,25~34℃
1296,2014/08/24   星期日,多云转雷阵雨,26~34℃
1297,2014/08/25   星期一,雷阵雨转阵雨,25~31℃
1298,2014/08/26   星期二,阴转阵雨,24~28℃
1299,2014/08/27   星期三,阴,24~29℃
1300,2014/08/28   星期四,阴转雷阵雨,24~32℃
1301,2014/08/29   星期五,多云转中雨,23~30℃
1302,2014/08/30   星期六,阴转多云,23~31℃
1303,2014/09/01   星期一,阵雨转雷阵雨,24~32℃
1304,2014/09/02   星期二,多云转雷阵雨,24~34℃
1305,2014/09/03   星期三,雷阵雨,23~28℃
1306,2014/09/04   星期四,多云,21~30℃
1307,2014/09/05   星期五,多云,21~30℃
1308,2014/09/06   星期六,多云转雷阵雨,23~31℃
1309,2014/09/07   星期日,多云,23~32℃
1310,2014/09/08   星期一,多云,24~30℃
1311,2014/09/09   星期二,多云转阵雨,24~29℃
1312,2014/09/10   星期三,阵雨,24~28℃
1313,2014/09/11   星期四,阴转多云,23~29℃
1314,2014/09/12   星期五,阵雨转雷阵雨,23~29℃
1315,2014/09/13   星期六,雷阵雨转阵雨,23~28℃
1316,2014/09/14   星期日,阴转多云,22~27℃
1317,2014/09/15   星期一,阴转多云,23~28℃
1318,2014/09/16   星期二,多云转阵雨,23~27℃
1319,2014/09/17   星期三,阴转多云,23~30℃
1320,2014/09/18   星期四,阴转中雨,24~27℃
1321,2014/09/19   星期五,中雨,20~22℃
1322,2014/09/20   星期六,中雨转小雨,19~22℃
1323,2014/09/21   星期日,中雨转阵雨,20~23℃
1324,2014/09/22   星期一,大雨转暴雨,21~24℃
1325,2014/09/23   星期二,大雨转阵雨,23~26℃
1326,2014/09/24   星期三,多云,23~27℃
1327,2014/09/25   星期四,多云,20~26℃
1328,2014/09/26   星期五,多云,20~28℃
1329,2014/09/27   星期六,多云,20~30℃
1330,2014/09/28   星期日,多云,22~32℃
1331,2014/09/29   星期一,多云转雷阵雨,23~32℃
1332,2014/09/30   星期二,阵雨转小雨,22~24℃
1333,2014/10/01   星期三,阴转多云,18~24℃
1334,2014/10/02   星期四,多云,17~27℃
1335,2014/10/03   星期五,晴转多云,17~26℃
1336,2014/10/04   星期六,晴,17~26℃
1337,2014/10/05   星期日,多云,19~26℃
1338,2014/10/06   星期一,多云,18~25℃
1339,2014/10/07   星期二,多云,15~23℃
1340,2014/10/08   星期三,多云,16~24℃
1341,2014/10/09   星期四,多云,16~24℃
1342,2014/10/10   星期五,阴转阵雨,20~24℃
1343,2014/10/11   星期六,阴,20~24℃
1344,2014/10/12   星期日,阴,20~23℃
1345,2014/10/13   星期一,阴转多云,17~21℃
1346,2014/10/14   星期二,晴,13~21℃
1347,2014/10/15   星期三,晴,10~23℃
1348,2014/10/16   星期四,晴,10~24℃
1349,2014/10/17   星期五,多云,14~25℃
1350,2014/10/18   星期六,多云,15~26℃
1351,2014/10/19   星期日,多云,17~27℃
1352,2014/10/20   星期一,多云转晴,18~30℃
1353,2014/10/21   星期二,晴转阵雨,19~31℃
1354,2014/10/22   星期三,阵雨转多云,17~23℃
1355,2014/10/23   星期四,多云转晴,14~24℃
1356,2014/10/24   星期五,晴,12~25℃
1357,2014/10/25   星期六,晴,13~27℃
1358,2014/10/26   星期日,晴转多云,15~29℃
1359,2014/10/27   星期一,多云,17~23℃
1360,2014/10/28   星期二,多云,15~22℃
1361,2014/10/29   星期三,多云,16~24℃
1362,2014/10/30   星期四,阴转阵雨,18~25℃
1363,2014/11/01   星期六,小雨转阴,18~22℃
1364,2014/11/02   星期日,小雨转多云,16~21℃
1365,2014/11/03   星期一,多云转晴,9~18℃
1366,2014/11/04   星期二,晴,8~20℃
1367,2014/11/05   星期三,晴转多云,8~22℃
1368,2014/11/06   星期四,阴转多云,15~22℃
1369,2014/11/07   星期五,多云转阴,12~18℃
1370,2014/11/08   星期五,小雨,14~17℃
1371,2014/11/09   星期五,小雨,14~17℃
1372,2014/11/10   星期一,小雨,14~17℃
1373,2014/11/11   星期二,多云转阴,11~19℃
1374,2014/11/12   星期三,多云转晴,13~20℃
1375,2014/11/13   星期四,晴,9~16℃
1376,2014/11/14   星期五,晴,6~18℃
1377,2014/11/15   星期六,晴转多云,7~17℃
1378,2014/11/16   星期日,小雨,13~17℃
1379,2014/11/17   星期一,阴转多云,11~17℃
1380,2014/11/18   星期二,霾转多云,8~16℃
1381,2014/11/19   星期三,多云,7~17℃
1382,2014/11/20   星期四,多云转晴,8~21℃
1383,2014/11/21   星期五,多云转阴,10~22℃
1384,2014/11/22   星期六,多云,14~23℃
1385,2014/11/23   星期日,雾转多云,13~25℃
1386,2014/11/24   星期一,多云转小雨,16~25℃
1387,2014/11/25   星期二,小雨,13~17℃
1388,2014/11/26   星期三,阴转多云,11~18℃
1389,2014/11/27   星期四,晴转多云,8~21℃
1390,2014/11/28   星期五,阴转小雨,14~19℃
1391,2014/11/29   星期六,小雨,14~18℃
1392,2014/11/30   星期日,小雨,14~17℃
1393,2014/12/01   星期一,小雨转多云,6~13℃
1394,2014/12/02   星期二,晴转多云,2~9℃
1395,2014/12/03   星期三,多云,2~12℃
1396,2014/12/04   星期四,小雨转多云,3~8℃
1397,2014/12/05   星期五,多云转晴,0~9℃
1398,2014/12/06   星期六,晴,-1~11℃
1399,2014/12/07   星期日,多云,1~15℃
1400,2014/12/08   星期一,多云,4~11℃
1401,2014/12/09   星期二,多云,5~13℃
1402,2014/12/10   星期三,阴转小雨,9~13℃
1403,2014/12/11   星期四,小雨转阴,7~10℃
1404,2014/12/12   星期五,多云,3~9℃
1405,2014/12/13   星期六,晴,0~8℃
1406,2014/12/14   星期日,晴,-2~12℃
1407,2014/12/15   星期一,多云转小雨,4~11℃
1408,2014/12/16   星期二,阴转多云,2~8℃
1409,2014/12/17   星期三,晴,0~7℃
1410,2014/12/18   星期四,晴,-2~10℃
1411,2014/12/19   星期五,多云转霾,2~12℃
1412,2014/12/20   星期六,多云转晴,2~11℃
1413,2014/12/21   星期日,晴,1~8℃
1414,2014/12/22   星期一,晴,-2~9℃
1415,2014/12/23   星期二,晴,-2~13℃
1416,2014/12/24   星期三,多云,4~15℃
1417,2014/12/25   星期四,多云,4~10℃
1418,2014/12/26   星期五,阴,5~11℃
1419,2014/12/27   星期六,多云,5~13℃
1420,2014/12/28   星期日,阴转多云,5~13℃
1421,2014/12/29   星期一,多云转晴,2~14℃
1422,2014/12/30   星期二,晴,2~18℃
1423,2015/01/01   星期四,晴,-1~6℃
1424,2015/01/02   星期五,晴,-3~10℃
1425,2015/01/03   星期六,晴,-2~14℃
1426,2015/01/04   星期日,晴,4~20℃
1427,2015/01/05   星期一,多云,9~23℃
1428,2015/01/06   星期二,阴转小雨,6~14℃
1429,2015/01/07   星期三,小雨转多云,2~7℃
1430,2015/01/08   星期四,晴,-1~10℃
1431,2015/01/09   星期五,晴,0~12℃
1432,2015/01/10   星期六,晴转多云,2~13℃
1433,2015/01/11   星期日,霾转晴,4~15℃
1434,2015/01/12   星期一,晴转多云,3~10℃
1435,2015/01/13   星期二,阴转小雨,6~11℃
1436,2015/01/14   星期三,大雨转小雨,7~10℃
1437,2015/01/15   星期四,阴转多云,6~11℃
1438,2015/01/16   星期五,多云转晴,4~13℃
1439,2015/01/17   星期六,晴,3~9℃
1440,2015/01/18   星期日,晴转多云,2~13℃
1441,2015/01/19   星期一,多云转晴,3~12℃
1442,2015/01/20   星期二,多云,2~14℃
1443,2015/01/21   星期三,小雨转多云,6~17℃
1444,2015/01/22   星期四,多云转晴,3~9℃
1445,2015/01/23   星期五,晴,0~13℃
1446,2015/01/24   星期六,晴转多云,4~18℃
1447,2015/01/25   星期日,多云,9~22℃
1448,2015/01/26   星期一,阴,9~13℃
1449,2015/01/27   星期二,霾转阴,6~9℃
1450,2015/01/28   星期三,小雨,3~7℃
1451,2015/01/29   星期四,小雨,3~7℃
1452,2015/01/30   星期五,小雨转阴,4~6℃
1453,2015/02/01   星期日,阴,2~8℃
1454,2015/02/02   星期一,小雨,3~6℃
1455,2015/02/03   星期二,阴,5~8℃
1456,2015/02/04   星期三,阴,4~9℃
1457,2015/02/05   星期四,多云转晴,0~8℃
1458,2015/02/06   星期五,晴转多云,-2~10℃
1459,2015/02/07   星期六,晴,-1~13℃
1460,2015/02/08   星期日,多云,1~7℃
1461,2015/02/09   星期日,多云,-2~7℃
1462,2015/02/10   星期二,多云,-2~7℃
1463,2015/02/11   星期二,晴,0~17℃
1464,2015/02/12   星期二,多云转晴,4~16℃
1465,2015/02/13   星期五,晴转多云,5~19℃
1466,2015/02/14   星期六,晴转多云,5~21℃
1467,2015/02/15   星期日,小雨,13~19℃
1468,2015/02/16   星期一,阴转多云,11~17℃
1469,2015/02/17   星期二,多云转晴,6~15℃
1470,2015/02/18   星期三,晴,3~14℃
1471,2015/02/19   星期四,晴,1~12℃
1472,2015/02/20   星期五,多云转小雨,4~15℃
1473,2015/02/21   星期六,小雨,11~15℃
1474,2015/02/22   星期日,阴,8~15℃
1475,2015/02/23   星期一,小雨,7~10℃
1476,2015/02/24   星期二,小雨转阴,7~11℃
1477,2015/02/25   星期三,阴转阵雨,9~15℃
1478,2015/02/26   星期四,小雨,7~10℃
1479,2015/02/27   星期五,小雨,5~8℃
1480,2015/02/28   星期六,中雨,6~9℃
1481,2015/03/01   星期日,小雨转多云,4~10℃
1482,2015/03/02   星期一,多云,3~15℃
1483,2015/03/03   星期二,小雨转阴,7~12℃
1484,2015/03/04   星期三,阴转雨夹雪,3~9℃
1485,2015/03/05   星期四,雨夹雪转中雨,3~5℃
1486,2015/03/06   星期五,小雨,4~7℃
1487,2015/03/07   星期六,阴转多云,5~11℃
1488,2015/03/08   星期日,小雨转中雨,4~10℃
1489,2015/03/09   星期一,阴,6~11℃
1490,2015/03/10   星期二,多云,3~9℃
1491,2015/03/11   星期三,多云,2~12℃
1492,2015/03/12   星期四,阴转晴,4~17℃
1493,2015/03/13   星期五,晴,6~22℃
1494,2015/03/14   星期六,多云转阵雨,8~18℃
1495,2015/03/15   星期日,中雨转阵雨,12~16℃
1496,2015/03/16   星期一,中雨转阴,11~20℃
1497,2015/03/17   星期二,多云,13~25℃
1498,2015/03/18   星期三,雷阵雨转阵雨,18~29℃
1499,2015/03/19   星期四,阵雨转多云,12~18℃
1500,2015/03/20   星期五,阴转阵雨,11~16℃
1501,2015/03/21   星期六,小雨转多云,11~18℃
1502,2015/03/22   星期日,多云转晴,8~19℃
1503,2015/03/23   星期一,多云转阴,7~16℃
1504,2015/03/24   星期二,阴转多云,6~17℃
1505,2015/03/25   星期三,多云转晴,5~17℃
1506,2015/03/26   星期四,晴转小雨,7~18℃
1507,2015/03/27   星期五,中雨转小雨,10~16℃
1508,2015/03/28   星期六,多云,8~21℃
1509,2015/03/29   星期日,多云,10~24℃
1510,2015/03/30   星期一,阵雨,15~18℃
1511,2015/04/01   星期三,多云,17~29℃
1512,2015/04/02   星期四,多云,20~32℃
1513,2015/04/03   星期五,雷阵雨转多云,18~24℃
1514,2015/04/04   星期六,阴转多云,14~30℃
1515,2015/04/05   星期日,多云转阴,16~24℃
1516,2015/04/06   星期一,小雨,13~17℃
1517,2015/04/07   星期二,小雨转中雨,8~11℃
1518,2015/04/08   星期三,小雨转阴,7~11℃
1519,2015/04/09   星期四,阴转小雨,6~14℃
1520,2015/04/10   星期五,小雨转多云,10~16℃
1521,2015/04/11   星期六,多云,8~19℃
1522,2015/04/12   星期日,多云,8~21℃
1523,2015/04/13   星期一,多云转阴,9~16℃
1524,2015/04/14   星期二,小雨转多云,7~17℃
1525,2015/04/15   星期三,晴,7~25℃
1526,2015/04/16   星期四,阴转多云,15~27℃
1527,2015/04/17   星期五,多云转晴,12~24℃
1528,2015/04/18   星期六,阴转多云,16~28℃
1529,2015/04/19   星期日,阵雨转中雨,18~25℃
1530,2015/04/20   星期一,中雨转小雨,13~20℃
1531,2015/04/21   星期二,多云转晴,10~21℃
1532,2015/04/22   星期三,晴,9~24℃
1533,2015/04/23   星期四,多云,10~25℃
1534,2015/04/24   星期五,阴转多云,14~25℃
1535,2015/04/25   星期六,多云转晴,12~27℃
1536,2015/04/26   星期日,多云,11~27℃
1537,2015/04/27   星期一,多云,16~24℃
1538,2015/04/28   星期二,多云,18~30℃
1539,2015/04/29   星期三,多云,18~28℃
1540,2015/04/30   星期四,多云转晴,14~27℃
1541,2015/05/01   星期五,晴转多云,14~27℃
1542,2015/05/02   星期六,阵雨转中雨,18~25℃
1543,2015/05/03   星期日,小雨转多云,17~25℃
1544,2015/05/04   星期一,多云,14~25℃
1545,2015/05/05   星期二,小雨转多云,15~24℃
1546,2015/05/06   星期三,阴转雷阵雨,16~23℃
1547,2015/05/07   星期四,阴转多云,17~29℃
1548,2015/05/08   星期五,多云,16~29℃
1549,2015/05/09   星期六,小雨~多云,16~23℃
1550,2015/05/10   星期六,阴~多云,15~22℃
1551,2015/05/11   星期一,中雨~阴,16~27℃
1552,2015/05/12   星期二,小雨~晴,13~27℃
1553,2015/05/13   星期三,晴,17~32℃
1554,2015/05/14   星期四,中雨~阵雨,21~26℃
1555,2015/05/15   星期五,中雨~大雨,18~28℃
1556,2015/05/16   星期六,中雨~阵雨,15~23℃
1557,2015/05/17   星期日,多云~阵雨,18~24℃
1558,2015/05/18   星期一,中雨~阵雨,20~26℃
1559,2015/05/19   星期二,多云,18~28℃
1560,2015/05/20   星期三,多云,14~26℃
1561,2015/05/21   星期四,晴,14~26℃
1562,2015/05/22   星期五,多云~阴,17~27℃
1563,2015/05/23   星期六,多云~阴,17~25℃
1564,2015/05/24   星期日,多云~,17~24℃
1565,2015/05/25   星期一,多云,16~27℃
1566,2015/05/26   星期二,多云,18~27℃
1567,2015/05/27   星期三,阵雨~,21~26℃
1568,2015/05/28   星期四,阴~,22~29℃
1569,2015/05/29   星期五,阴~多云,22~29℃
1570,2015/05/30   星期六,阵雨~阴,19~26℃
1571,2015/06/01   星期一,多云,22~30℃
1572,2015/06/02   星期二,雷雨~中雨,23~32℃
1573,2015/06/03   星期三,阵雨~多云,19~26℃
1574,2015/06/04   星期四,多云~小雨,20~26℃
1575,2015/06/05   星期五,多云,19~29℃
1576,2015/06/06   星期六,多云,21~30℃
1577,2015/06/07   星期日,雷雨~阵雨,23~29℃
1578,2015/06/08   星期一,大雨~阵雨,21~28℃
1579,2015/06/09   星期二,大雨~阵雨,21~24℃
1580,2015/06/10   星期三,阵雨,21~27℃
1581,2015/06/11   星期四,阴~多云,22~30℃
1582,2015/06/12   星期五,多云,22~34℃
1583,2015/06/13   星期六,阵雨,21~29℃
1584,2015/06/14   星期日,中雨,22~24℃
1585,2015/06/15   星期一,阵雨,22~27℃
1586,2015/06/16   星期二,阵雨,22~27℃
1587,2015/06/17   星期三,雷雨,22~31℃
1588,2015/06/18   星期四,中雨~阵雨,21~23℃
1589,2015/06/19   星期五,多云,20~27℃
1590,2015/06/20   星期六,多云,20~30℃
1591,2015/06/21   星期日,阵雨~雷雨,22~27℃
1592,2015/06/22   星期一,阵雨~多云,22~26℃
1593,2015/06/23   星期二,多云,25~31℃
1594,2015/06/24   星期三,多云,26~35℃
1595,2015/06/25   星期四,雷雨~多云,27~36℃
1596,2015/06/26   星期五,雷雨~多云,25~33℃
1597,2015/06/27   星期六,雷雨,25~34℃
1598,2015/06/28   星期日,阵雨~多云,25~30℃
1599,2015/06/29   星期一,多云,27~32℃
1600,2015/06/30   星期二,多云~雷雨,24~36℃
1601,2015/07/01   星期三,中雨,22~27℃
1602,2015/07/02   星期四,阴,22~27℃
1603,2015/07/03   星期五,多云~阴,21~31℃
1604,2015/07/04   星期六,中雨~阵雨,20~24℃
1605,2015/07/05   星期日,中雨,20~22℃
1606,2015/07/06   星期一,阵雨,20~22℃
1607,2015/07/07   星期二,阵雨,19~22℃
1608,2015/07/08   星期三,阵雨,23~26℃
1609,2015/07/09   星期四,阵雨,24~28℃
1610,2015/07/10   星期五,阵雨~大雨,25~27℃
1611,2015/07/11   星期六,暴雨,24~26℃
1612,2015/07/12   星期日,阵雨~阴,24~28℃
1613,2015/07/13   星期一,阵雨~多云,23~33℃
1614,2015/07/14   星期二,晴~多云,22~34℃
1615,2015/07/15   星期三,多云,22~32℃
1616,2015/07/16   星期四,多云,23~31℃
1617,2015/07/17   星期五,阴~多云,24~29℃
1618,2015/07/18   星期六,多云,25~31℃
1619,2015/07/19   星期日,多云,25~31℃
1620,2015/07/20   星期一,多云,25~32℃
1621,2015/07/21   星期二,阵雨~多云,25~30℃
1622,2015/07/22   星期三,中雨~雷阵雨,25~31℃
1623,2015/07/23   星期四,中雨~多云,26~32℃
1624,2015/07/24   星期五,雷阵雨~多云,27~34℃
1625,2015/07/25   星期六,多云,26~34℃
1626,2015/07/26   星期日,多云,27~36℃
1627,2015/07/27   星期一,多云,27~37℃
1628,2015/07/28   星期二,多云~晴,28~38℃
1629,2015/07/29   星期三,多云~晴,28~38℃
1630,2015/07/30   星期四,晴,27~37℃
1631,2015/08/01   星期六,晴,26~38℃
1632,2015/08/02   星期日,晴,27~38℃
1633,2015/08/03   星期一,晴,26~37℃
1634,2015/08/04   星期二,晴,25~37℃
1635,2015/08/05   星期三,晴,25~36℃
1636,2015/08/06   星期四,多云~阵雨,26~34℃
1637,2015/08/07   星期五,阵雨,27~32℃
1638,2015/08/08   星期六,中雨,27~30℃
1639,2015/08/09   星期日,中雨~阵雨,27~30℃
1640,2015/08/10   星期一,阵雨~多云,27~32℃
1641,2015/08/11   星期二,雷阵雨~阵雨,27~32℃
1642,2015/08/12   星期三,多云,25~31℃
1643,2015/08/13   星期四,雷阵雨~阵雨,25~30℃
1644,2015/08/14   星期五,阵雨~多云,25~29℃
1645,2015/08/15   星期六,雷阵雨,26~31℃
1646,2015/08/16   星期日,小雨~多云,25~30℃
1647,2015/08/17   星期一,多云,24~31℃
1648,2015/08/18   星期二,多云,24~32℃
1649,2015/08/19   星期三,多云,24~33℃
1650,2015/08/20   星期四,多云,26~35℃
1651,2015/08/21   星期五,雷阵雨~阵雨,25~30℃
1652,2015/08/22   星期六,阵雨~中雨,24~30℃
1653,2015/08/23   星期日,大雨~阵雨,24~28℃
1654,2015/08/24   星期一,中雨~阵雨,23~27℃
1655,2015/08/25   星期二,多云,22~30℃
1656,2015/08/26   星期三,多云,22~32℃
1657,2015/08/27   星期四,多云,23~30℃
1658,2015/08/28   星期五,多云,24~31℃
1659,2015/08/29   星期六,阵雨~多云,23~29℃
1660,2015/08/30   星期日,多云,23~30℃
1661,2015/09/01   星期二,多云,22~31℃
1662,2015/09/02   星期三,多云,23~32℃
1663,2015/09/03   星期四,多云,22~31℃
1664,2015/09/04   星期五,雷阵雨~多云,24~32℃
1665,2015/09/05   星期六,中雨~多云,23~32℃
1666,2015/09/06   星期日,多云,21~29℃
1667,2015/09/07   星期一,多云,21~29℃
1668,2015/09/08   星期二,多云,21~29℃
1669,2015/09/09   星期三,多云,20~29℃
1670,2015/09/10   星期四,多云,19~29℃
1671,2015/09/11   星期五,晴~多云,19~30℃
1672,2015/09/12   星期六,阴,17~26℃
1673,2015/09/13   星期日,多云~晴,17~26℃
1674,2015/09/14   星期一,多云~阵雨,20~26℃
1675,2015/09/15   星期二,阵雨~阴,18~23℃
1676,2015/09/16   星期三,小雨~多云,18~25℃
1677,2015/09/17   星期四,晴,18~27℃
1678,2015/09/18   星期五,多云,19~28℃
1679,2015/09/19   星期六,多云,20~27℃
1680,2015/09/20   星期日,阴,20~26℃
1681,2015/09/21   星期一,多云,20~28℃
1682,2015/09/22   星期二,阵雨,20~26℃
1683,2015/09/23   星期三,阵雨~多云,19~27℃
1684,2015/09/24   星期四,多云,20~27℃
1685,2015/09/25   星期五,阴,21~26℃
1686,2015/09/26   星期六,阴~多云,20~26℃
1687,2015/09/27   星期日,多云,21~28℃
1688,2015/09/28   星期一,阵雨,23~26℃
1689,2015/09/29   星期二,大雨~阵雨,23~25℃
1690,2015/09/30   星期三,阵雨,25~29℃
1691,2015/10/01   星期四,阵雨~阴,16~28℃
1692,2015/10/02   星期五,晴,16~25℃
1693,2015/10/03   星期六,晴~多云,19~27℃
1694,2015/10/04   星期日,阵雨,20~25℃
1695,2015/10/05   星期一,阵雨,21~23℃
1696,2015/10/06   星期二,阵雨~阴,20~23℃
1697,2015/10/07   星期三,阵雨~阴,19~23℃
1698,2015/10/08   星期四,阵雨~小雨,17~22℃
1699,2015/10/09   星期五,多云,16~24℃
1700,2015/10/10   星期六,多云~晴,14~24℃
1701,2015/10/11   星期日,晴,11~21℃
1702,2015/10/12   星期一,晴,11~25℃
1703,2015/10/13   星期二,晴,13~24℃
1704,2015/10/14   星期三,晴,14~25℃
1705,2015/10/15   星期四,晴,15~26℃
1706,2015/10/16   星期五,晴,15~26℃
1707,2015/10/17   星期六,晴~多云,15~25℃
1708,2015/10/18   星期日,多云,16~24℃
1709,2015/10/19   星期一,多云~阴,17~24℃
1710,2015/10/20   星期二,多云,17~26℃
1711,2015/10/21   星期三,多云,17~25℃
1712,2015/10/22   星期四,多云~阴,18~26℃
1713,2015/10/23   星期五,小雨~阴,19~24℃
1714,2015/10/24   星期六,多云,17~25℃
1715,2015/10/25   星期日,多云~晴,16~25℃
1716,2015/10/26   星期一,多云,17~27℃
1717,2015/10/27   星期二,阴~多云,12~19℃
1718,2015/10/28   星期三,多云,17~22℃
1719,2015/10/29   星期四,小雨~中雨,16~20℃
1720,2015/10/30   星期五,小雨,14~18℃
1721,2015/11/01   星期日,小雨~多云,10~16℃
1722,2015/11/02   星期一,晴,10~19℃
1723,2015/11/03   星期二,多云,14~20℃
1724,2015/11/04   星期三,阵雨,16~20℃
1725,2015/11/05   星期四,小雨~阴,18~21℃
1726,2015/11/06   星期五,多云,20~26℃
1727,2015/11/07   星期六,阵雨~小雨,18~27℃
1728,2015/11/08   星期日,中雨~小雨,16~22℃
1729,2015/11/09   星期一,阴~多云,12~17℃
1730,2015/11/10   星期二,多云,10~17℃
1731,2015/11/11   星期三,小雨~阴,14~17℃
1732,2015/11/12   星期四,小雨,15~18℃
1733,2015/11/13   星期五,小雨,14~18℃
1734,2015/11/14   星期六,小雨~多云,12~18℃
1735,2015/11/15   星期日,多云~阵雨,15~21℃
1736,2015/11/16   星期一,阵雨~中雨,17~22℃
1737,2015/11/17   星期二,中雨,17~19℃
1738,2015/11/18   星期三,小雨,15~18℃
1739,2015/11/19   星期四,阴,14~17℃
1740,2015/11/20   星期五,阴,15~17℃
1741,2015/11/21   星期六,中雨~小雨,16~18℃
1742,2015/11/22   星期日,阴,16~20℃
1743,2015/11/23   星期一,阴,14~20℃
1744,2015/11/24   星期二,小雨,16~21℃
1745,2015/11/25   星期三,小雨~阴,6~11℃
1746,2015/11/26   星期四,多云~晴,1~7℃
1747,2015/11/27   星期五,晴,3~9℃
1748,2015/11/28   星期六,多云~小雨,8~13℃
1749,2015/11/29   星期日,小雨~阴,8~13℃
1750,2015/11/30   星期一,多云,9~15℃
1751,2015/12/01   星期二,多云~小雨,13~18℃
1752,2015/12/02   星期三,小雨~阴,7~14℃
1753,2015/12/03   星期四,晴,2~12℃
1754,2015/12/04   星期五,多云~阴,4~10℃
1755,2015/12/05   星期六,中雨~大雨,6~9℃
1756,2015/12/06   星期日,阴,6~9℃
1757,2015/12/07   星期一,多云,6~13℃
1758,2015/12/08   星期二,多云~阴,9~14℃
1759,2015/12/09   星期三,小雨~中雨,11~15℃
1760,2015/12/10   星期四,小雨,11~12℃
1761,2015/12/11   星期五,阴,6~13℃
1762,2015/12/12   星期六,多云,5~13℃
1763,2015/12/13   星期日,阴,10~12℃
1764,2015/12/14   星期一,小雨,7~11℃
1765,2015/12/15   星期二,阴,6~11℃
1766,2015/12/16   星期三,多云~晴,0~8℃
1767,2015/12/17   星期四,晴,-1~6℃
1768,2015/12/18   星期五,多云,4~9℃
1769,2015/12/19   星期六,多云~阴,7~13℃
1770,2015/12/20   星期日,阴~小雨,8~13℃
1771,2015/12/21   星期一,阴,10~12℃
1772,2015/12/22   星期二,小雨~中雨,13~16℃
1773,2015/12/23   星期三,小雨,9~12℃
1774,2015/12/24   星期四,小雨,7~11℃
1775,2015/12/25   星期五,多云,2~11℃
1776,2015/12/26   星期六,多云,6~14℃
1777,2015/12/27   星期日,多云~阴,7~13℃
1778,2015/12/28   星期一,多云,3~12℃
1779,2015/12/29   星期二,多云,4~11℃
1780,2015/12/30   星期三,多云,3~13℃
1781,2016/01/01   星期五,晴~多云,5~13℃
1782,2016/01/02   星期六,多云~阴,9~18℃
1783,2016/01/03   星期日,阴~小雨,10~17℃
1784,2016/01/04   星期一,小雨,10~15℃
1785,2016/01/05   星期二,小雨,9~13℃
1786,2016/01/06   星期三,小雨~阴,5~10℃
1787,2016/01/07   星期四,多云~阴,5~9℃
1788,2016/01/08   星期五,多云,1~9℃
1789,2016/01/09   星期六,多云~小雨,6~11℃
1790,2016/01/10   星期日,小雨~中雨,9~11℃
1791,2016/01/11   星期一,小雨,6~9℃
1792,2016/01/12   星期二,阴~多云,3~8℃
1793,2016/01/13   星期三,多云,1~8℃
1794,2016/01/14   星期四,多云~阴,3~9℃
1795,2016/01/15   星期五,多云,3~10℃
1796,2016/01/16   星期六,多云~小雨,7~11℃
1797,2016/01/17   星期日,小雨~阴,3~6℃
1798,2016/01/18   星期一,多云,0~7℃
1799,2016/01/19   星期二,多云,-1~6℃
1800,2016/01/20   星期三,阴~小雨,4~6℃
1801,2016/01/21   星期四,中雨~雨夹雪,4~6℃
1802,2016/01/22   星期五,雨夹雪~大雪,1~2℃
1803,2016/01/23   星期六,小雪~多云,-6~1℃
1804,2016/01/24   星期日,晴,-7~-4℃
1805,2016/01/25   星期一,晴,-6~3℃
1806,2016/01/26   星期二,晴~多云,1~8℃
1807,2016/01/27   星期三,小雨,6~10℃
1808,2016/01/28   星期四,小雨~中雨,7~10℃
1809,2016/01/29   星期五,小雨,5~6℃
1810,2016/01/30   星期六,阴,2~7℃
1811,2016/02/01   星期一,小雪~阴,-1~4℃
1812,2016/02/02   星期二,多云,-1~3℃
1813,2016/02/03   星期三,晴~多云,1~8℃
1814,2016/02/04   星期四,小雨,2~8℃
1815,2016/02/05   星期五,多云,0~9℃
1816,2016/02/06   星期六,多云,-1~7℃
1817,2016/02/07   星期日,晴,0~11℃
1818,2016/02/08   星期一,晴,1~15℃
1819,2016/02/09   星期二,晴,6~19℃
1820,2016/02/10   星期三,晴~阵雨,13~22℃
1821,2016/02/11   星期四,阵雨~多云,15~21℃
1822,2016/02/12   星期五,多云,16~25℃
1823,2016/02/13   星期六,阵雨,5~23℃
1824,2016/02/14   星期日,小雨~雨夹雪,0~6℃
1825,2016/02/15   星期一,多云~晴,-1~7℃
1826,2016/02/16   星期二,晴,0~10℃
1827,2016/02/17   星期三,晴,2~13℃
1828,2016/02/18   星期四,晴~多云,5~17℃
1829,2016/02/19   星期五,小雨~阴,5~11℃
1830,2016/02/20   星期六,多云~晴,1~12℃
1831,2016/02/21   星期日,多云~小雨,6~10℃
1832,2016/02/22   星期一,中雨~小雨,6~9℃
1833,2016/02/23   星期二,阴~多云,4~9℃
1834,2016/02/24   星期三,多云,1~8℃
1835,2016/02/25   星期四,晴~多云,4~12℃
1836,2016/02/26   星期五,多云,6~14℃
1837,2016/02/27   星期六,晴,6~20℃
1838,2016/02/28   星期日,晴~阴,3~23℃
1839,2016/02/29   星期一,晴,1~13℃
1840,2016/03/01   星期二,晴,3~13℃
1841,2016/03/02   星期三,多云~晴,9~18℃
1842,2016/03/03   星期四,晴~多云,13~23℃
1843,2016/03/04   星期五,多云,15~24℃
1844,2016/03/05   星期六,多云~阴,10~26℃
1845,2016/03/06   星期日,阴~多云,10~17℃
1846,2016/03/07   星期一,多云,16~23℃
1847,2016/03/08   星期二,中雨,9~18℃
1848,2016/03/09   星期三,小雨~阴,4~7℃
1849,2016/03/10   星期四,阴~多云,1~7℃
1850,2016/03/11   星期五,晴,1~10℃
1851,2016/03/12   星期六,多云~阵雨,7~13℃
1852,2016/03/13   星期日,小雨~阴,6~11℃
1853,2016/03/14   星期一,多云~晴,4~12℃
1854,2016/03/15   星期二,多云~阴,8~14℃
1855,2016/03/16   星期三,阴,10~17℃
1856,2016/03/17   星期四,阴~阵雨,15~21℃
1857,2016/03/18   星期五,阵雨,11~21℃
1858,2016/03/19   星期六,小雨~多云,9~16℃
1859,2016/03/20   星期日,多云,8~16℃
1860,2016/03/21   星期一,阴~阵雨,10~16℃
1861,2016/03/22   星期二,阵雨~中雨,12~15℃
1862,2016/03/23   星期三,小雨~阴,8~13℃
1863,2016/03/24   星期四,多云,6~11℃
1864,2016/03/25   星期五,多云,3~13℃
1865,2016/03/26   星期六,多云~阴,6~15℃
1866,2016/03/27   星期日,多云~晴,6~17℃
1867,2016/03/28   星期一,晴,9~21℃
1868,2016/03/29   星期二,多云~阴,13~25℃
1869,2016/03/30   星期三,阵雨~小雨,12~18℃
1870,2016/04/01   星期五,多云,13~24℃
1871,2016/04/02   星期六,晴~多云,10~24℃
1872,2016/04/03   星期日,中雨~小雨,12~22℃
1873,2016/04/04   星期一,阴~多云,11~17℃
1874,2016/04/05   星期二,多云~小雨,14~19℃
1875,2016/04/06   星期三,阵雨,16~26℃
1876,2016/04/07   星期四,中雨~阵雨,13~16℃
1877,2016/04/08   星期五,小雨~阴,12~18℃
1878,2016/04/09   星期六,小雨~阵雨,14~19℃
1879,2016/04/10   星期日,多云~阴,13~20℃
1880,2016/04/11   星期一,阵雨~小雨,14~19℃
1881,2016/04/12   星期二,阵雨,15~20℃
1882,2016/04/13   星期三,多云,15~23℃
1883,2016/04/14   星期四,多云,14~25℃
1884,2016/04/15   星期五,阴~阵雨,16~22℃
1885,2016/04/16   星期六,雷阵雨~阴,16~26℃
1886,2016/04/17   星期日,多云~阵雨,12~23℃
1887,2016/04/18   星期一,多云,11~20℃
1888,2016/04/19   星期二,多云,14~23℃
1889,2016/04/20   星期三,多云~中雨,18~23℃
1890,2016/04/21   星期四,多云~阵雨,17~20℃
1891,2016/04/22   星期五,多云~阵雨,16~26℃
1892,2016/04/23   星期六,大雨~阵雨,14~20℃
1893,2016/04/24   星期日,阵雨~阴,14~21℃
1894,2016/04/25   星期一,阵雨,15~19℃
1895,2016/04/26   星期二,阵雨~中雨,16~23℃
1896,2016/04/27   星期三,小雨~阴,14~18℃
1897,2016/04/28   星期四,多云~晴,12~23℃
1898,2016/04/29   星期五,晴,13~25℃
1899,2016/04/30   星期六,晴~多云,16~27℃
1900,2016/05/01   星期日,多云~阵雨,20~27℃
1901,2016/05/02   星期一,阵雨~雷阵雨,19~27℃
1902,2016/05/03   星期二,多云~晴,15~27℃
1903,2016/05/04   星期三,晴~阵雨,19~30℃
1904,2016/05/05   星期四,雷阵雨~阵雨,22~27℃
1905,2016/05/06   星期五,阵雨,16~29℃
1906,2016/05/07   星期六,中雨,17~20℃
1907,2016/05/08   星期日,阵雨,17~23℃
1908,2016/05/09   星期一,中雨,16~19℃
1909,2016/05/10   星期二,阵雨~多云,13~19℃
1910,2016/05/11   星期三,晴,14~25℃
1911,2016/05/12   星期四,晴,17~28℃
1912,2016/05/13   星期五,多云,18~29℃
1913,2016/05/14   星期六,多云,17~26℃
1914,2016/05/15   星期日,雷阵雨~中雨,16~30℃
1915,2016/05/16   星期一,多云,13~21℃
1916,2016/05/17   星期二,晴,13~24℃
1917,2016/05/18   星期三,晴~多云,15~25℃
1918,2016/05/19   星期四,多云~阴,18~24℃
1919,2016/05/20   星期五,阵雨~中雨,19~22℃
1920,2016/05/21   星期六,中雨~小雨,19~21℃
1921,2016/05/22   星期日,阴,18~24℃
1922,2016/05/23   星期一,多云~小雨,19~25℃
1923,2016/05/24   星期二,小雨~多云,18~25℃
1924,2016/05/25   星期三,多云~阴,20~29℃
1925,2016/05/26   星期四,雷阵雨,22~28℃
1926,2016/05/27   星期五,阵雨,22~26℃
1927,2016/05/28   星期六,中雨~中到大雨,21~27℃
1928,2016/05/29   星期日,阵雨~阴,20~23℃
1929,2016/05/30   星期一,多云~阵雨,21~26℃
1930,2016/06/01   星期三,雷阵雨~阵雨,23~30℃
1931,2016/06/02   星期四,大雨~阴,19~26℃
1932,2016/06/03   星期五,多云~中雨,20~25℃
1933,2016/06/04   星期六,中雨~阵雨,20~23℃
1934,2016/06/05   星期日,多云,19~26℃
1935,2016/06/06   星期一,多云,19~26℃
1936,2016/06/07   星期二,多云,23~30℃
1937,2016/06/08   星期三,雷阵雨~多云,21~28℃
1938,2016/06/09   星期四,多云,22~28℃
1939,2016/06/10   星期五,多云,23~29℃
1940,2016/06/11   星期六,阵雨,23~31℃
1941,2016/06/12   星期日,中雨~阵雨,22~26℃
1942,2016/06/13   星期一,多云,22~27℃
1943,2016/06/14   星期二,多云,23~31℃
1944,2016/06/15   星期三,雷阵雨~暴雨,24~30℃
1945,2016/06/16   星期四,中雨~阴,20~23℃
1946,2016/06/17   星期五,多云,21~30℃
1947,2016/06/18   星期六,阵雨~多云,25~30℃
1948,2016/06/19   星期日,雷阵雨~多云,26~32℃
1949,2016/06/20   星期一,多云,26~34℃
1950,2016/06/21   星期二,多云,26~35℃
1951,2016/06/22   星期三,多云,27~37℃
1952,2016/06/23   星期四,多云,27~37℃
1953,2016/06/24   星期五,雷阵雨,25~36℃
1954,2016/06/25   星期六,中雨,20~24℃
1955,2016/06/26   星期日,大雨~阵雨,20~22℃
1956,2016/06/27   星期一,阵雨~多云,24~28℃
1957,2016/06/28   星期二,雷阵雨~阵雨,24~30℃
1958,2016/06/29   星期三,中雨~小雨,23~27℃
1959,2016/06/30   星期四,多云,26~34℃
1960,2016/07/01   星期五,多云,27~36℃
1961,2016/07/02   星期六,多云,27~35℃
1962,2016/07/03   星期日,雷阵雨~多云,27~36℃
1963,2016/07/04   星期一,多云,27~35℃
1964,2016/07/05   星期二,晴,27~35℃
1965,2016/07/06   星期三,多云,26~34℃
1966,2016/07/07   星期四,多云,26~32℃
1967,2016/07/08   星期五,阵雨,26~31℃
1968,2016/07/09   星期六,雷阵雨~阵雨,27~31℃
1969,2016/07/10   星期日,大雨~中雨,27~30℃
1970,2016/07/11   星期一,中雨~小雨,26~30℃
1971,2016/07/12   星期二,雷阵雨~多云,27~33℃
1972,2016/07/13   星期三,雷阵雨~多云,27~34℃
1973,2016/07/14   星期四,雷阵雨转多云,27~34℃
1974,2016/07/15   星期五,雷阵雨转阵雨,26~36℃
1975,2016/07/16   星期六,中雨转阴,25~30℃
1976,2016/07/17   星期日,多云转阴,26~32℃
1977,2016/07/18   星期一,雷阵雨转多云,27~32℃
1978,2016/07/19   星期二,多云,27~34℃
1979,2016/07/20   星期三,晴,27~37℃
1980,2016/07/21   星期四,晴,28~37℃
1981,2016/07/22   星期五,晴,28~38℃
1982,2016/07/23   星期六,晴,28~38℃
1983,2016/07/24   星期日,晴,27~38℃
1984,2016/07/25   星期一,晴,26~36℃
1985,2016/07/26   星期二,晴,27~36℃
1986,2016/07/27   星期三,多云,28~37℃
1987,2016/07/28   星期四,多云,27~37℃
1988,2016/07/29   星期五,多云,27~37℃
1989,2016/07/30   星期六,晴,27~36℃
1990,2016/08/01   星期一,阵雨,27~34℃
1991,2016/08/02   星期二,阵雨,27~34℃
1992,2016/08/03   星期三,中雨,25~32℃
1993,2016/08/04   星期四,雷阵雨,25~32℃
1994,2016/08/05   星期五,多云,26~34℃
1995,2016/08/06   星期六,阵雨,27~33℃
1996,2016/08/07   星期日,阵雨,26~32℃
1997,2016/08/08   星期一,雷阵雨,26~33℃
1998,2016/08/09   星期二,中雨,26~31℃
1999,2016/08/10   星期三,多云,26~33℃
2000,2016/08/11   星期四,多云,27~34℃
2001,2016/08/12   星期五,多云,27~34℃
2002,2016/08/13   星期六,多云,26~33℃
2003,2016/08/14   星期日,多云,26~33℃
2004,2016/08/15   星期一,晴,26~34℃
2005,2016/08/16   星期二,晴,27~35℃
2006,2016/08/17   星期三,多云,27~35℃
2007,2016/08/18   星期四,多云,27~35℃
2008,2016/08/19   星期五,多云,27~35℃
2009,2016/08/20   星期六,多云,27~37℃
2010,2016/08/21   星期日,多云,26~34℃
2011,2016/08/22   星期一,多云,26~35℃
2012,2016/08/23   星期二,多云,25~34℃
2013,2016/08/24   星期三,多云,25~34℃
2014,2016/08/25   星期四,晴,25~34℃
2015,2016/08/26   星期五,多云,26~34℃
2016,2016/08/27   星期六,多云,23~31℃
2017,2016/08/28   星期日,多云,22~30℃
2018,2016/08/29   星期一,晴,22~30℃
2019,2016/08/30   星期二,晴,19~32℃
2020,2016/09/01   星期四,多云,23~32℃
2021,2016/09/02   星期五,多云,23~33℃
2022,2016/09/03   星期六,晴,22~32℃
2023,2016/09/04   星期日,阵雨,24~31℃
2024,2016/09/05   星期一,阵雨,23~30℃
2025,2016/09/06   星期二,阵雨,23~29℃
2026,2016/09/07   星期三,阵雨,21~26℃
2027,2016/09/08   星期四,多云,20~29℃
2028,2016/09/09   星期五,多云,22~31℃
2029,2016/09/10   星期六,阴,23~28℃
2030,2016/09/11   星期日,中雨,21~26℃
2031,2016/09/12   星期一,小雨,21~26℃
2032,2016/09/13   星期二,阵雨,22~26℃
2033,2016/09/14   星期三,阵雨,22~26℃
2034,2016/09/15   星期四,大雨,24~26℃
2035,2016/09/16   星期五,大雨,24~29℃
2036,2016/09/17   星期六,阵雨,23~28℃
2037,2016/09/18   星期日,阵雨,22~26℃
2038,2016/09/19   星期一,阴,20~26℃
2039,2016/09/20   星期二,多云,19~26℃
2040,2016/09/21   星期三,多云,19~26℃
2041,2016/09/22   星期四,多云,18~27℃
2042,2016/09/23   星期五,多云,21~28℃
2043,2016/09/24   星期六,多云,20~29℃
2044,2016/09/25   星期日,多云,21~30℃
2045,2016/09/26   星期一,多云,24~30℃
2046,2016/09/27   星期二,阵雨,24~31℃
2047,2016/09/28   星期三,中雨,23~29℃
2048,2016/09/29   星期四,暴雨,23~27℃
2049,2016/09/30   星期五,阵雨,25~31℃
2050,2016/10/01   星期六,多云,24~32℃
2051,2016/10/02   星期日,多云,23~32℃
2052,2016/10/03   星期一,小雨,22~27℃
2053,2016/10/04   星期二,阵雨,22~26℃
2054,2016/10/05   星期三,阴,22~26℃
2055,2016/10/06   星期四,阵雨,23~27℃
2056,2016/10/07   星期五,阵雨,21~26℃
2057,2016/10/08   星期六,中雨,19~22℃
2058,2016/10/09   星期日,阴,18~20℃
2059,2016/10/10   星期一,阴,18~21℃
2060,2016/10/11   星期二,阴,19~23℃
2061,2016/10/12   星期三,阴,19~24℃
2062,2016/10/13   星期四,多云,19~24℃
2063,2016/10/14   星期五,小雨,20~24℃
2064,2016/10/15   星期六,阴,20~24℃
2065,2016/10/16   星期日,阵雨,21~26℃
2066,2016/10/17   星期一,多云,20~24℃
2067,2016/10/18   星期二,阴,20~25℃
2068,2016/10/19   星期三,阵雨,20~24℃
2069,2016/10/20   星期四,阵雨,23~26℃
2070,2016/10/21   星期五,阵雨,23~27℃
2071,2016/10/22   星期六,大雨,21~25℃
2072,2016/10/23   星期日,阵雨,19~22℃
2073,2016/10/24   星期一,阴,20~24℃
2074,2016/10/25   星期二,阴,20~26℃
2075,2016/10/26   星期三,阵雨,22~28℃
2076,2016/10/27   星期四,阴,21~26℃
2077,2016/10/28   星期五,小雨,17~22℃
2078,2016/10/29   星期六,小雨,13~16℃
2079,2016/10/30   星期日,多云,14~19℃
2080,2016/11/01   星期二,小雨,12~16℃
2081,2016/11/02   星期三,多云,9~17℃
2082,2016/11/03   星期四,晴,8~19℃
2083,2016/11/04   星期五,晴,10~22℃
2084,2016/11/05   星期六,晴,13~25℃
2085,2016/11/06   星期日,多云,15~24℃
2086,2016/11/07   星期一,小雨,16~25℃
2087,2016/11/08   星期二,小雨,10~15℃
2088,2016/11/09   星期三,小雨,11~13℃
2089,2016/11/10   星期四,多云,7~16℃
2090,2016/11/11   星期五,晴,8~19℃
2091,2016/11/12   星期六,阴,14~21℃
2092,2016/11/13   星期日,小雨,16~21℃
2093,2016/11/14   星期一,小雨,14~21℃
2094,2016/11/15   星期二,阴,12~18℃
2095,2016/11/16   星期三,多云,14~19℃
2096,2016/11/17   星期四,小雨,17~20℃
2097,2016/11/18   星期五,晴,17~27℃
2098,2016/11/19   星期六,多云,18~24℃
2099,2016/11/20   星期日,小雨,17~21℃
2100,2016/11/21   星期一,阴,16~22℃
2101,2016/11/22   星期二,小雨,11~16℃
2102,2016/11/23   星期三,小雨,5~9℃
2103,2016/11/24   星期四,阴,6~9℃
2104,2016/11/25   星期五,阴,9~11℃
2105,2016/11/26   星期六,小雨,6~11℃
2106,2016/11/27   星期日,多云,6~13℃
2107,2016/11/28   星期一,多云,8~14℃
2108,2016/11/29   星期二,阴,9~15℃
2109,2016/11/30   星期三,阴,8~15℃
2110,2016/12/01   星期四,多云,9~14℃
2111,2016/12/02   星期五,多云,8~14℃
2112,2016/12/03   星期六,多云,8~17℃
2113,2016/12/04   星期日,多云,7~18℃
2114,2016/12/05   星期一,多云,8~19℃
2115,2016/12/06   星期二,多云,3~11℃
2116,2016/12/07   星期三,晴,4~16℃
2117,2016/12/08   星期四,晴,6~18℃
2118,2016/12/09   星期五,多云,9~16℃
2119,2016/12/10   星期六,阴,8~13℃
2120,2016/12/11   星期日,多云,9~15℃
2121,2016/12/12   星期一,小雨,11~14℃
2122,2016/12/13   星期二,小雨,7~14℃
2123,2016/12/14   星期三,阴,2~9℃
2124,2016/12/15   星期四,晴,1~8℃
2125,2016/12/16   星期五,晴,0~10℃
2126,2016/12/17   星期六,多云,1~14℃
2127,2016/12/18   星期日,阴,9~18℃
2128,2016/12/19   星期一,多云,13~18℃
2129,2016/12/20   星期二,小雨,15~17℃
2130,2016/12/21   星期三,中雨,9~19℃
2131,2016/12/22   星期四,阴,5~10℃
2132,2016/12/23   星期五,晴,3~12℃
2133,2016/12/24   星期六,多云,8~12℃
2134,2016/12/25   星期日,阴,13~17℃
2135,2016/12/26   星期一,小雨,7~13℃
2136,2016/12/27   星期二,阴,3~7℃
2137,2016/12/28   星期三,阴,3~7℃
2138,2016/12/29   星期四,多云,3~7℃
2139,2016/12/30   星期五,多云,3~12℃
2140,2017/01/01   星期日,多云,6~17℃
2141,2017/01/02   星期一,多云,7~17℃
2142,2017/01/03   星期二,多云,8~15℃
2143,2017/01/04   星期三,多云,11~17℃
2144,2017/01/05   星期四,阵雨,13~16℃
2145,2017/01/06   星期五,小雨,11~14℃
2146,2017/01/07   星期六,小雨,8~17℃
2147,2017/01/08   星期日,阴,6~11℃
2148,2017/01/09   星期一,多云,4~9℃
2149,2017/01/10   星期二,多云,4~10℃
2150,2017/01/11   星期三,小雨,5~8℃
2151,2017/01/12   星期四,小雨,3~7℃
2152,2017/01/13   星期五,晴,3~12℃
2153,2017/01/14   星期六,多云,3~8℃
2154,2017/01/15   星期日,多云,2~8℃
2155,2017/01/16   星期一,多云,4~10℃
2156,2017/01/17   星期二,阴,5~11℃
2157,2017/01/18   星期三,小雨,8~9℃
2158,2017/01/19   星期四,小雨,1~10℃
2159,2017/01/20   星期五,晴,-2~6℃
2160,2017/01/21   星期六,晴,-1~9℃
2161,2017/01/22   星期日,晴,-2~8℃
2162,2017/01/23   星期一,晴,-1~8℃
2163,2017/01/24   星期二,多云,2~10℃
2164,2017/01/25   星期三,阴,0~10℃
2165,2017/01/26   星期四,晴,3~13℃
2166,2017/01/27   星期五,多云,6~14℃
2167,2017/01/28   星期六,多云,11~17℃
2168,2017/01/29   星期日,多云,6~21℃
2169,2017/01/30   星期一,多云,1~6℃
2170,2017/02/01   星期三,阴,3~8℃
2171,2017/02/02   星期四,多云,3~9℃
2172,2017/02/03   星期五,多云,8~14℃
2173,2017/02/04   星期六,小雨,6~12℃
2174,2017/02/05   星期日,多云,3~12℃
2175,2017/02/06   星期一,晴,3~10℃
2176,2017/02/07   星期二,多云,6~9℃
2177,2017/02/08   星期三,小雨,1~8℃
2178,2017/02/09   星期四,多云,-1~6℃
2179,2017/02/10   星期五,晴,-1~6℃
2180,2017/02/11   星期六,晴,-3~8℃
2181,2017/02/12   星期日,晴,-1~12℃
2182,2017/02/13   星期一,晴,0~14℃
2183,2017/02/14   星期二,晴,3~15℃
2184,2017/02/15   星期三,晴,5~17℃
2185,2017/02/16   星期四,多云,10~21℃
2186,2017/02/17   星期五,阴,6~17℃
2187,2017/02/18   星期六,阴,4~11℃
2188,2017/02/19   星期日,多云,10~19℃
2189,2017/02/20   星期一,小雨,5~20℃
2190,2017/02/21   星期二,阴,7~11℃
2191,2017/02/22   星期三,小雨,5~14℃
2192,2017/02/23   星期四,雨夹雪,2~6℃
2193,2017/02/24   星期五,多云,0~8℃
2194,2017/02/25   星期六,多云,3~11℃
2195,2017/02/26   星期日,多云,4~15℃
2196,2017/02/27   星期一,晴,3~15℃
2197,2017/02/28   星期二,多云,6~15℃
2198,2017/03/01   星期三,多云,3~19℃
2199,2017/03/02   星期四,多云,0~10℃
2200,2017/03/03   星期五,晴,5~15℃
2201,2017/03/06   星期一,阴,2~12℃
2202,2017/03/07   星期二,晴,3~15℃
2203,2017/03/08   星期三,晴,2~15℃
2204,2017/03/09   星期四,晴,7~19℃
2205,2017/03/10   星期五,阴,10~15℃
2206,2017/03/11   星期六,阴,9~14℃
2207,2017/03/12   星期日,中雨,9~15℃
2208,2017/03/13   星期一,中雨,7~11℃
2209,2017/03/14   星期二,多云,4~12℃
2210,2017/03/15   星期三,多云,7~13℃
2211,2017/03/16   星期四,阴,6~11℃
2212,2017/03/17   星期五,多云,10~15℃
2213,2017/03/18   星期六,阴,10~13℃
2214,2017/03/19   星期日,小雨,10~14℃
2215,2017/03/20   星期一,雷阵雨,9~15℃
2216,2017/03/21   星期二,多云,8~14℃
2217,2017/03/22   星期三,中雨,9~11℃
2218,2017/03/23   星期四,阴,8~13℃
2219,2017/03/24   星期五,小雨,9~13℃
2220,2017/03/25   星期六,多云,7~15℃
2221,2017/03/26   星期日,多云,6~18℃
2222,2017/03/27   星期一,晴,9~19℃
2223,2017/03/28   星期二,阴,13~20℃
2224,2017/03/29   星期三,多云,10~18℃
2225,2017/03/30   星期四,小雨,9~14℃
2226,2017/03/31   星期五,小雨,6~12℃
2227,2017/04/01   星期六,多云,5~17℃
2228,2017/04/02   星期日,晴,7~21℃
2229,2017/04/03   星期一,晴,10~22℃
2230,2017/04/04   星期二,多云,15~21℃
2231,2017/04/05   星期三,多云,18~26℃
2232,2017/04/06   星期四,雷阵雨,16~27℃
2233,2017/04/07   星期五,阵雨,14~20℃
2234,2017/04/08   星期六,多云,13~22℃
2235,2017/04/09   星期日,中雨,11~17℃
2236,2017/04/10   星期一,小雨,10~13℃
2237,2017/04/11   星期二,阴,10~15℃
2238,2017/04/12   星期三,多云,7~18℃
2239,2017/04/13   星期四,晴,12~22℃
2240,2017/04/14   星期五,晴,15~27℃
2241,2017/04/15   星期六,晴,17~30℃
2242,2017/04/16   星期日,雷阵雨,18~29℃
2243,2017/04/17   星期一,阵雨,15~23℃
2244,2017/04/18   星期二,晴,14~30℃
2245,2017/04/19   星期三,多云,17~26℃
2246,2017/04/20   星期四,小雨,16~26℃
2247,2017/04/21   星期五,阵雨,14~22℃
2248,2017/04/22   星期六,多云,9~21℃
2249,2017/04/23   星期日,晴,12~23℃
2250,2017/04/24   星期一,晴,16~25℃
2251,2017/04/25   星期二,阵雨,17~24℃
2252,2017/04/26   星期三,小雨,13~19℃
2253,2017/04/27   星期四,多云,9~20℃
2254,2017/04/28   星期五,晴,13~25℃
2255,2017/04/29   星期六,晴,14~28℃
2256,2017/04/30   星期日,晴,15~29℃
2257,2017/05/01   星期一,多云,18~29℃
2258,2017/05/02   星期二,中雨,16~20℃
2259,2017/05/03   星期三,阴,19~22℃
2260,2017/05/04   星期四,中雨,17~24℃
2261,2017/05/05   星期五,多云,17~27℃
2262,2017/05/06   星期六,多云,16~23℃
2263,2017/05/07   星期日,多云,17~26℃
2264,2017/05/08   星期一,中雨,18~21℃
2265,2017/05/09   星期二,多云,16~28℃
2266,2017/05/10   星期三,晴,19~31℃
2267,2017/05/11   星期四,多云,23~33℃
2268,2017/05/12   星期五,阵雨,16~22℃
2269,2017/05/13   星期六,多云,17~29℃
2270,2017/05/14   星期日,多云,18~30℃
2271,2017/05/15   星期一,多云,17~25℃
2272,2017/05/16   星期二,阵雨,16~23℃
2273,2017/05/17   星期三,多云,14~25℃
2274,2017/05/18   星期四,晴,17~29℃
2275,2017/05/19   星期五,晴,19~28℃
2276,2017/05/20   星期六,多云,19~28℃
2277,2017/05/21   星期日,多云,19~28℃
2278,2017/05/22   星期一,多云,21~28℃
2279,2017/05/23   星期二,中雨,21~29℃
2280,2017/05/24   星期三,小雨,16~23℃
2281,2017/05/25   星期四,多云,16~27℃
2282,2017/05/26   星期五,晴,17~28℃
2283,2017/05/27   星期六,晴,17~30℃
2284,2017/05/28   星期日,晴,17~30℃
2285,2017/05/29   星期一,晴,20~30℃
2286,2017/05/30   星期二,多云,22~30℃
2287,2017/06/01   星期四,阵雨,22~28℃
2288,2017/06/02   星期五,多云,19~28℃
2289,2017/06/03   星期六,多云,18~30℃
2290,2017/06/04   星期日,多云,21~27℃
2291,2017/06/05   星期一,阵雨,22~24℃
2292,2017/06/06   星期二,阵雨,22~28℃
2293,2017/06/07   星期三,多云,21~30℃
2294,2017/06/08   星期四,晴,23~32℃
2295,2017/06/09   星期五,阵雨,24~31℃
2296,2017/06/10   星期六,阵雨,23~30℃
2297,2017/06/11   星期日,中雨,19~26℃
2298,2017/06/12   星期一,大到暴雨,20~22℃
2299,2017/06/13   星期二,暴雨,20~21℃
2300,2017/06/14   星期三,阴,18~26℃
2301,2017/06/15   星期四,多云,18~26℃
2302,2017/06/16   星期五,阴,19~26℃
2303,2017/06/17   星期六,多云,18~27℃
2304,2017/06/18   星期日,多云,22~29℃
2305,2017/06/19   星期一,阵雨,22~25℃
2306,2017/06/20   星期二,阵雨,22~26℃
2307,2017/06/21   星期三,阵雨,22~26℃
2308,2017/06/22   星期四,阵雨,22~27℃
2309,2017/06/23   星期五,雷阵雨,25~30℃
2310,2017/06/24   星期六,大雨,23~26℃
2311,2017/06/25   星期日,大雨,22~25℃
2312,2017/06/26   星期一,小雨,22~26℃
2313,2017/06/27   星期二,阵雨,22~26℃
2314,2017/06/28   星期三,阵雨,23~26℃
2315,2017/06/29   星期四,雷阵雨,24~30℃
2316,2017/06/30   星期五,小雨,24~31℃
2317,2017/07/01   星期六,多云,25~34℃
2318,2017/07/02   星期日,多云,26~33℃
2319,2017/07/03   星期一,雷阵雨,26~33℃
2320,2017/07/04   星期二,雷阵雨,25~33℃
2321,2017/07/05   星期三,雷阵雨,26~34℃
2322,2017/07/06   星期四,雷阵雨,26~36℃
2323,2017/07/07   星期五,多云,26~35℃
2324,2017/07/08   星期六,雷阵雨,26~36℃
2325,2017/07/09   星期日,雷阵雨,27~36℃
2326,2017/07/10   星期一,雷阵雨,26~35℃
2327,2017/07/11   星期二,雷阵雨,26~33℃
2328,2017/07/12   星期三,多云,27~36℃
2329,2017/07/13   星期四,雷阵雨,27~37℃
2330,2017/07/14   星期五,多云,27~37℃
2331,2017/07/15   星期六,晴,27~38℃
2332,2017/07/16   星期日,多云,27~35℃
2333,2017/07/17   星期一,多云,27~35℃
2334,2017/07/18   星期二,多云,27~37℃
2335,2017/07/19   星期三,多云,27~38℃
2336,2017/07/20   星期四,晴,27~38℃
2337,2017/07/21   星期五,晴,27~39℃
2338,2017/07/22   星期六,晴,28~39℃
2339,2017/07/23   星期日,晴,27~39℃
2340,2017/07/24   星期一,晴,27~39℃
2341,2017/07/25   星期二,晴,28~39℃
2342,2017/07/26   星期三,晴,28~38℃
2343,2017/07/27   星期四,晴,28~37℃
2344,2017/07/28   星期五,晴,27~37℃
2345,2017/07/29   星期六,多云,28~34℃
2346,2017/07/30   星期日,中雨,27~31℃
2347,2017/08/01   星期二,多云,28~33℃
2348,2017/08/02   星期三,多云,28~34℃
2349,2017/08/03   星期四,多云,27~36℃
2350,2017/08/04   星期五,多云,28~35℃
2351,2017/08/05   星期六,雷阵雨,27~36℃
2352,2017/08/06   星期日,雷阵雨,27~34℃
2353,2017/08/07   星期一,多云,28~37℃
2354,2017/08/08   星期二,多云,29~38℃
2355,2017/08/09   星期三,中雨,25~35℃
2356,2017/08/10   星期四,雷阵雨,25~32℃
2357,2017/08/11   星期五,多云,27~35℃
2358,2017/08/12   星期六,雷阵雨,28~35℃
2359,2017/08/13   星期日,多云,27~36℃
2360,2017/08/14   星期一,雷阵雨,27~37℃
2361,2017/08/15   星期二,雷阵雨,27~35℃
2362,2017/08/16   星期三,雷阵雨,27~34℃
2363,2017/08/17   星期四,雷阵雨,27~35℃
2364,2017/08/18   星期五,雷阵雨,24~34℃
2365,2017/08/19   星期六,雷阵雨,25~36℃
2366,2017/08/20   星期日,雷阵雨,25~35℃
2367,2017/08/21   星期一,雷阵雨,26~33℃
2368,2017/08/22   星期二,阵雨,27~33℃
2369,2017/08/23   星期三,多云,27~34℃
2370,2017/08/24   星期四,多云,27~36℃
2371,2017/08/25   星期五,雷阵雨,27~36℃
2372,2017/08/26   星期六,阵雨,26~33℃
2373,2017/08/27   星期日,多云,26~34℃
2374,2017/08/28   星期一,晴,26~36℃
2375,2017/08/29   星期二,多云,25~37℃
2376,2017/08/30   星期三,多云,25~33℃
2377,2017/09/01   星期五,多云,22~30℃
2378,2017/09/02   星期六,阵雨,23~30℃
2379,2017/09/03   星期日,多云,24~31℃
2380,2017/09/04   星期一,多云,25~32℃
2381,2017/09/05   星期二,多云,26~35℃
2382,2017/09/06   星期三,雷阵雨,25~35℃
2383,2017/09/07   星期四,阵雨,24~28℃
2384,2017/09/08   星期五,阵雨,24~27℃
2385,2017/09/09   星期六,阴,24~29℃
2386,2017/09/10   星期日,多云,26~33℃
2387,2017/09/11   星期一,雷阵雨,23~31℃
2388,2017/09/12   星期二,阵雨,22~27℃
2389,2017/09/13   星期三,多云,23~28℃
2390,2017/09/14   星期四,阵雨,23~26℃
2391,2017/09/15   星期五,中雨,22~25℃
2392,2017/09/16   星期六,阴,20~26℃
2393,2017/09/17   星期日,多云,19~28℃
2394,2017/09/18   星期一,晴,20~30℃
2395,2017/09/19   星期二,多云,23~31℃
2396,2017/09/20   星期三,中雨,21~26℃
2397,2017/09/21   星期四,小雨,22~24℃
2398,2017/09/22   星期五,多云,22~28℃
2399,2017/09/23   星期六,中雨,22~25℃
2400,2017/09/24   星期日,阵雨,22~28℃
2401,2017/09/25   星期一,多云,26~32℃
2402,2017/09/26   星期二,多云,25~33℃
2403,2017/09/27   星期三,阵雨,22~28℃
2404,2017/09/28   星期四,阵雨,19~22℃
2405,2017/09/29   星期五,阴,22~25℃
2406,2017/09/30   星期六,阵雨,21~24℃
2407,2017/10/01   星期日,多云,25~31℃
2408,2017/10/02   星期一,阵雨,22~32℃
2409,2017/10/03   星期二,多云,20~25℃
2410,2017/10/04   星期三,多云,19~24℃
2411,2017/10/05   星期四,阴,19~25℃
2412,2017/10/06   星期五,阴,18~24℃
2413,2017/10/07   星期六,多云,18~26℃
2414,2017/10/08   星期日,多云,19~28℃
2415,2017/10/09   星期一,多云,21~29℃
2416,2017/10/10   星期二,多云,24~30℃
2417,2017/10/11   星期三,阵雨,20~24℃
2418,2017/10/12   星期四,小雨,18~22℃
2419,2017/10/13   星期五,小雨,18~21℃
2420,2017/10/14   星期六,阵雨,19~22℃
2421,2017/10/15   星期日,暴雨,18~20℃
2422,2017/10/16   星期一,中雨,19~22℃
2423,2017/10/17   星期二,小雨,17~20℃
2424,2017/10/18   星期三,阴,17~22℃
2425,2017/10/19   星期四,阴,17~22℃
2426,2017/10/20   星期五,阴,17~22℃
2427,2017/10/21   星期六,多云,16~22℃
2428,2017/10/22   星期日,多云,15~22℃
2429,2017/10/23   星期一,多云,13~21℃
2430,2017/10/24   星期二,晴,13~20℃
2431,2017/10/25   星期三,晴,12~21℃
2432,2017/10/26   星期四,多云,0~12℃
2433,2017/10/27   星期五,多云,0~14℃
2434,2017/10/28   星期六,多云,0~14℃
2435,2017/10/29   星期日,阴,0~11℃
2436,2017/10/30   星期一,多云,11~16℃
2437,2017/11/01   星期三,多云,10~22℃
2438,2017/11/02   星期四,晴,13~24℃
2439,2017/11/03   星期五,多云,13~23℃
2440,2017/11/04   星期六,多云,12~17℃
2441,2017/11/05   星期日,多云,12~19℃
2442,2017/11/06   星期一,多云,15~22℃
2443,2017/11/07   星期二,小雨,15~21℃
2444,2017/11/08   星期三,多云,11~20℃
2445,2017/11/09   星期四,晴,13~22℃
2446,2017/11/10   星期五,阴,13~20℃
2447,2017/11/11   星期六,多云,12~17℃
2448,2017/11/12   星期日,晴,10~18℃
2449,2017/11/13   星期一,雨,13~20℃
2450,2017/11/14   星期二,阴,15~18℃
2451,2017/11/15   星期三,多云,14~16℃
2452,2017/11/16   星期四,雨,14~18℃
2453,2017/11/17   星期五,雨,15~20℃
2454,2017/11/18   星期六,多云,8~13℃
2455,2017/11/19   星期日,多云,8~13℃
2456,2017/11/20   星期一,阴,8~12℃
2457,2017/11/21   星期二,阴,8~11℃
2458,2017/11/22   星期三,多云,9~13℃
2459,2017/11/23   星期四,晴,6~13℃
2460,2017/11/24   星期五,阴,3~14℃
2461,2017/11/25   星期六,阴,6~16℃
2462,2017/11/26   星期日,晴,9~15℃
2463,2017/11/27   星期一,多云,7~18℃
2464,2017/11/28   星期二,雨,10~22℃
2465,2017/11/29   星期三,阴,12~16℃
2466,2017/11/30   星期四,雨,8~12℃
2467,2017/12/01   星期五,阴,8~11℃
2468,2017/12/02   星期六,多云,8~14℃
2469,2017/12/03   星期日,阴,8~15℃
2470,2017/12/04   星期一,多云,4~13℃
2471,2017/12/05   星期二,晴,3~10℃
2472,2017/12/06   星期三,阴,0~12℃
2473,2017/12/07   星期四,阴,4~13℃
2474,2017/12/08   星期五,多云,3~9℃
2475,2017/12/09   星期六,晴,1~12℃
2476,2017/12/10   星期日,晴,2~13℃
2477,2017/12/11   星期一,多云,2~12℃
2478,2017/12/12   星期二,多云,2~12℃
2479,2017/12/13   星期三,阴,3~11℃
2480,2017/12/14   星期四,雨,6~11℃
2481,2017/12/15   星期五,雨,8~11℃
2482,2017/12/16   星期六,晴,1~8℃
2483,2017/12/17   星期日,晴,0~6℃
2484,2017/12/18   星期一,晴,-3~9℃
2485,2017/12/19   星期二,多云,-1~10℃
2486,2017/12/20   星期三,晴,0~12℃
2487,2017/12/21   星期四,晴,0~11℃
2488,2017/12/22   星期五,晴,0~16℃
2489,2017/12/23   星期六,多云,5~18℃
2490,2017/12/24   星期日,晴,4~13℃
2491,2017/12/25   星期一,晴,2~10℃
2492,2017/12/26   星期二,晴,0~13℃
2493,2017/12/27   星期三,阴,3~13℃
2494,2017/12/28   星期四,雨,7~11℃
2495,2017/12/29   星期五,多云,9~12℃
2496,2017/12/30   星期六,雨,5~13℃
2497,2018/01/01   星期一,晴,2~10℃
2498,2018/01/02   星期二,阴,5~14℃
2499,2018/01/03   星期三,雨,10~12℃
2500,2018/01/04   星期四,雨,6~9℃
2501,2018/01/05   星期五,多云,4~8℃
2502,2018/01/06   星期六,雨,2~7℃
2503,2018/01/07   星期日,阴,7~11℃
2504,2018/01/08   星期一,多云,2~7℃
2505,2018/01/09   星期二,晴,-1~7℃
2506,2018/01/10   星期三,晴,0~7℃
2507,2018/01/11   星期四,晴,-2~7℃
2508,2018/01/12   星期五,晴,-3~4℃
2509,2018/01/13   星期六,阴,-3~7℃
2510,2018/01/14   星期日,多云,0~13℃
2511,2018/01/15   星期一,晴,4~16℃
2512,2018/01/16   星期二,晴,9~17℃
2513,2018/01/17   星期三,晴,5~13℃
2514,2018/01/18   星期四,阴,5~12℃
2515,2018/01/19   星期五,阴,7~11℃
2516,2018/01/20   星期六,雨,7~9℃
2517,2018/01/21   星期日,雨,7~9℃
2518,2018/01/22   星期一,晴,5~10℃
2519,2018/01/23   星期二,雨,2~8℃
2520,2018/01/24   星期三,阴,2~4℃
2521,2018/01/25   星期四,雪,1~4℃
2522,2018/01/26   星期五,阴,1~3℃
2523,2018/01/27   星期六,雪,0~3℃
2524,2018/01/28   星期日,雪,0~3℃
2525,2018/01/29   星期一,晴,-1~2℃
2526,2018/01/30   星期二,多云,-3~4℃
2527,2018/02/01   星期四,多云,-3~5℃
2528,2018/02/02   星期五,晴,-1~7℃
2529,2018/02/03   星期六,多云,-1~3℃
2530,2018/02/04   星期日,多云,-2~3℃
2531,2018/02/05   星期一,晴,-1~5℃
2532,2018/02/06   星期二,晴,-3~5℃
2533,2018/02/07   星期三,多云,-3~8℃
2534,2018/02/08   星期四,多云,-1~7℃
2535,2018/02/09   星期五,雨,0~10℃
2536,2018/02/10   星期六,阴,1~8℃
2537,2018/02/11   星期日,晴,0~9℃
2538,2018/02/12   星期一,晴,-1~10℃
2539,2018/02/13   星期二,晴,-2~13℃
2540,2018/02/14   星期三,晴,5~19℃
2541,2018/02/15   星期四,阴,5~11℃
2542,2018/02/16   星期五,阴,5~7℃
2543,2018/02/17   星期六,晴,3~13℃
2544,2018/02/18   星期日,多云,6~15℃
2545,2018/02/19   星期一,雨,8~11℃
2546,2018/02/20   星期二,雨,6~10℃
2547,2018/02/21   星期三,阴,2~8℃
2548,2018/02/22   星期四,多云,4~8℃
2549,2018/02/23   星期五,多云,0~15℃
2550,2018/02/24   星期六,雨,5~13℃
2551,2018/02/25   星期日,多云,4~10℃
2552,2018/02/26   星期一,多云,2~14℃
2553,2018/02/27   星期二,多云,5~18℃
2554,2018/02/28   星期三,多云,7~17℃
2555,2018/03/01   星期四,晴,6~17℃
2556,2018/03/02   星期五,多云,8~12℃
2557,2018/03/03   星期六,晴,10~20℃
2558,2018/03/04   星期日,雨,13~27℃
2559,2018/03/05   星期一,多云,7~19℃
2560,2018/03/06   星期二,阴,7~12℃
2561,2018/03/07   星期三,雨,9~11℃
2562,2018/03/08   星期四,多云,3~10℃
2563,2018/03/09   星期五,晴,2~11℃
2564,2018/03/10   星期六,晴,0~17℃
2565,2018/03/11   星期日,多云,3~14℃
2566,2018/03/12   星期一,晴,8~23℃
2567,2018/03/13   星期二,晴,12~24℃
2568,2018/03/14   星期三,雨,15~23℃
2569,2018/03/15   星期四,阴,15~21℃
2570,2018/03/16   星期五,多云,9~15℃
2571,2018/03/17   星期六,多云,8~14℃
2572,2018/03/18   星期日,雨,10~17℃
2573,2018/03/19   星期一,雨,10~17℃
2574,2018/03/20   星期二,阴,7~10℃
2575,2018/03/21   星期三,多云,5~8℃
2576,2018/03/22   星期四,晴,3~16℃
2577,2018/03/23   星期五,晴,7~20℃
2578,2018/03/24   星期六,多云,9~23℃
2579,2018/03/25   星期日,多云,13~21℃
2580,2018/03/26   星期一,晴,12~17℃
2581,2018/03/27   星期二,晴,11~22℃
2582,2018/03/28   星期三,晴,11~26℃
2583,2018/03/29   星期四,多云,13~25℃
2584,2018/03/30   星期五,多云,14~23℃
2585,2018/04/01   星期日,晴,15~27℃
2586,2018/04/02   星期一,雨,16~27℃
2587,2018/04/03   星期二,雨,19~25℃
2588,2018/04/04   星期三,阴,14~23℃
2589,2018/04/05   星期四,雨,13~21℃
2590,2018/04/06   星期五,多云,9~15℃
2591,2018/04/07   星期六,晴,8~14℃
2592,2018/04/08   星期日,晴,5~22℃
2593,2018/04/09   星期一,晴,10~26℃
2594,2018/04/10   星期二,晴,17~29℃
2595,2018/04/11   星期三,多云,16~27℃
2596,2018/04/12   星期四,雨,17~21℃
2597,2018/04/13   星期五,雨,15~22℃
2598,2018/04/14   星期六,阴,11~20℃
2599,2018/04/15   星期日,多云,10~18℃
2600,2018/04/16   星期一,阴,9~15℃
2601,2018/04/17   星期二,晴,7~20℃
2602,2018/04/18   星期三,晴,8~25℃
2603,2018/04/19   星期四,晴,12~27℃
2604,2018/04/20   星期五,阴,15~28℃
2605,2018/04/21   星期六,阴,17~28℃
2606,2018/04/22   星期日,多云,21~30℃
2607,2018/04/23   星期一,雨,20~27℃
2608,2018/04/24   星期二,多云,12~17℃
2609,2018/04/25   星期三,晴,11~22℃
2610,2018/04/26   星期四,晴,10~24℃
2611,2018/04/27   星期五,晴,15~26℃
2612,2018/04/28   星期六,晴,16~28℃
2613,2018/04/29   星期日,雨,17~27℃
2614,2018/04/30   星期一,阴,20~27℃
2615,2018/05/01   星期二,雨,21~30℃
2616,2018/05/02   星期三,多云,16~26℃
2617,2018/05/03   星期四,阴,13~25℃
2618,2018/05/04   星期五,阴,14~27℃
2619,2018/05/05   星期六,雨,19~22℃
2620,2018/05/06   星期日,雨,20~32℃
2621,2018/05/07   星期一,雨,19~26℃
2622,2018/05/08   星期二,晴,17~23℃
2623,2018/05/09   星期三,晴,13~23℃
2624,2018/05/10   星期四,多云,13~22℃
2625,2018/05/11   星期五,晴,13~27℃
2626,2018/05/12   星期六,雨,19~31℃
2627,2018/05/13   星期日,雨,22~28℃
2628,2018/05/14   星期一,阴,21~32℃
2629,2018/05/15   星期二,多云,24~34℃
2630,2018/05/16   星期三,晴,25~35℃
2631,2018/05/17   星期四,阴,25~36℃
2632,2018/05/18   星期五,多云,25~33℃
2633,2018/05/19   星期六,雨,22~26℃
2634,2018/05/20   星期日,阴,20~24℃
2635,2018/05/21   星期一,阴,19~24℃
2636,2018/05/22   星期二,雨,20~28℃
2637,2018/05/23   星期三,多云,18~24℃
2638,2018/05/24   星期四,晴,16~26℃
2639,2018/05/25   星期五,雨,21~34℃
2640,2018/05/26   星期六,阴,21~27℃
2641,2018/05/27   星期日,雨,22~27℃
2642,2018/05/28   星期一,多云,21~27℃
2643,2018/05/29   星期二,雨,21~28℃
2644,2018/05/30   星期三,雨,20~24℃
2645,2018/06/01   星期五,晴,16~26℃
2646,2018/06/02   星期六,雨,14~24℃
2647,2018/06/03   星期日,晴,18~24℃
2648,2018/06/04   星期一,雨,18~26℃
2649,2018/06/05   星期二,雨,21~24℃
2650,2018/06/06   星期三,阴,20~25℃
2651,2018/06/07   星期四,阴,20~29℃
2652,2018/06/08   星期五,阴,21~26℃
2653,2018/06/09   星期六,阴转小雨,22~28℃
2654,2018/06/10   星期日,阴转小雨,20~25℃
2655,2018/06/11   星期一,多云,19~30℃
2656,2018/06/12   星期二,多云,19~32℃
2657,2018/06/13   星期三,多云,21~32℃
2658,2018/06/14   星期四,多云,22~29℃
2659,2018/06/15   星期五,晴,21~29℃
2660,2018/06/16   星期六,多云,20~29℃
2661,2018/06/17   星期日,多云,21~28℃
2662,2018/06/18   星期一,多云,22~31℃
2663,2018/06/19   星期二,雨,24~33℃
2664,2018/06/20   星期三,雨,22~27℃
2665,2018/06/21   星期四,晴,22~27℃
2666,2018/06/22   星期五,小雨,21~24℃
2667,2018/06/23   星期六,多云,21~23℃
2668,2018/06/24   星期日,多云,21~28℃
2669,2018/06/25   星期一,多云,24~35℃
2670,2018/06/26   星期二,阴,25~36℃
2671,2018/06/27   星期三,阴,27~38℃
2672,2018/06/28   星期四,小雨到中雨,27~36℃
2673,2018/06/29   星期五,阴,26~31℃
2674,2018/06/30   星期六,阴,26~31℃
2675,2018/07/01   星期日,多云,25~30℃
2676,2018/07/02   星期一,多云,26~32℃
2677,2018/07/03   星期二,小雨到大雨,26~30℃
2678,2018/07/04   星期三,小雨到中雨,26~30℃
2679,2018/07/05   星期四,阴,26~31℃
2680,2018/07/06   星期五,多云转小雨,25~31℃
2681,2018/07/07   星期六,晴,25~31℃
2682,2018/07/08   星期日,晴,26~32℃
2683,2018/07/09   星期一,多云,26~34℃
2684,2018/07/10   星期二,多云,26~32℃
2685,2018/07/11   星期三,小雨,26~31℃
2686,2018/07/12   星期四,晴,27~32℃
2687,2018/07/13   星期五,晴,27~32℃
2688,2018/07/14   星期六,晴,25~33℃
2689,2018/07/15   星期日,多云,25~33℃
2690,2018/07/16   星期一,晴,25~32℃
2691,2018/07/17   星期二,晴,25~32℃
2692,2018/07/18   星期三,晴,26~33℃
2693,2018/07/19   星期四,晴,25~33℃
2694,2018/07/20   星期五,晴,25~33℃
2695,2018/07/21   星期六,雨,25~30℃
2696,2018/07/22   星期日,小雨到暴雨,26~29℃
2697,2018/07/23   星期一,小雨到中雨,26~31℃
2698,2018/07/24   星期二,小雨到中雨,26~33℃
2699,2018/07/25   星期三,雨,26~36℃
2700,2018/07/26   星期四,雨,27~33℃
2701,2018/07/27   星期五,晴,26~34℃
2702,2018/07/28   星期六,晴,27~36℃
2703,2018/07/29   星期日,多云,25~36℃
2704,2018/07/30   星期一,小雨,26~35℃
2704,2018/07/31   星期二,小雨,26~34℃
2705,2018/08/01   星期三,多云,26~33℃
2706,2018/08/02   星期四,中雨到大雨,26~31℃
2707,2018/08/03   星期五,小雨到中雨,26~33℃
2708,2018/08/04   星期六,晴,26~35℃
2709,2018/08/05   星期日,晴,27~35℃
2710,2018/08/06   星期一,多云转小雨,27~34℃
2711,2018/08/07   星期二,晴,27~35℃
2712,2018/08/08   星期三,晴,25~33℃
2713,2018/08/09   星期四,多云,25~35℃
2714,2018/08/10   星期五,晴,26~34℃
2715,2018/08/11   星期六,多云,25~34℃
2716,2018/08/12   星期日,雨,26~29℃
2717,2018/08/13   星期一,多云,26~31℃
2718,2018/08/14   星期二,雨,26~33℃
2719,2018/08/15   星期三,多云转小雨,26~32℃
2720,2018/08/16   星期四,中雨,26~29℃
2721,2018/08/17   星期五,阴,26~32℃
2722,2018/08/18   星期六,小雨,26~31℃
2723,2018/08/19   星期日,多云,25~32℃
2724,2018/08/20   星期一,多云,26~33℃
2725,2018/08/21   星期二,雨,25~31℃
2726,2018/08/22   星期三,晴,25~33℃
2727,2018/08/23   星期四,晴,26~33℃
2728,2018/08/24   星期五,多云,25~31℃
2729,2018/08/25   星期六,小雨到中雨,25~30℃
2730,2018/08/26   星期日,阴,25~30℃
2731,2018/08/27   星期一,多云,26~32℃
2732,2018/08/28   星期二,多云,26~32℃
2733,2018/08/29   星期三,多云,26~33℃
2734,2018/08/30   星期四,多云,26~33℃
2734,2018/08/31   星期五,阵雨,26~32℃
2735,2018/09/01   星期六,晴,26~32℃
2736,2018/09/02   星期日,多云,26~33℃
2737,2018/09/03   星期一,晴,26~34℃
2738,2018/09/04   星期二,多云,25~33℃
2739,2018/09/05   星期三,多云,22~32℃
2740,2018/09/06   星期四,多云,24~33℃
2741,2018/09/07   星期五,阴,22~26℃
2742,2018/09/08   星期六,多云,21~24℃
2743,2018/09/09   星期日,多云,21~28℃
2744,2018/09/10   星期一,多云,20~28℃
2745,2018/09/11   星期二,多云,21~26℃
2746,2018/09/12   星期三,多云,20~26℃
2747,2018/09/13   星期四,多云,23~30℃
2748,2018/09/14   星期五,多云,23~31℃
2749,2018/09/15   星期六,多云,24~33℃
2750,2018/09/16   星期日,小雨,25~31℃
2751,2018/09/17   星期一,多云,24~32℃
2752,2018/09/18   星期二,多云,25~32℃
2753,2018/09/19   星期三,多云,24~34℃
2754,2018/09/20   星期四,阴,24~35℃
2755,2018/09/21   星期五,多云,24~29℃
2756,2018/09/22   星期六,阴,24~26℃
2757,2018/09/23   星期日,阴,22~26℃
2758,2018/09/24   星期一,晴,21~28℃
2759,2018/09/25   星期二,多云,21~26℃
2760,2018/09/26   星期三,多云,19~27℃
2761,2018/09/27   星期四,多云,20~27℃
2762,2018/09/28   星期五,晴,20~27℃
2763,2018/09/29   星期六,晴,19~26℃
2764,2018/09/30   星期日,晴,19~27℃
2765,2018/10/01   星期一,晴,17~25℃
2766,2018/10/02   星期二,晴,15~25℃
2767,2018/10/03   星期三,晴,15~25℃
2768,2018/10/04   星期四,多云,16~25℃
2769,2018/10/05   星期五,阴,19~22℃
2770,2018/10/06   星期六,多云,17~25℃
2771,2018/10/07   星期日,多云,16~25℃
2772,2018/10/08   星期一,晴,16~26℃
2773,2018/10/09   星期二,多云,16~26℃
2774,2018/10/10   星期三,阴,14~20℃
2775,2018/10/11   星期四,多云,14~21℃
2776,2018/10/12   星期五,多云,13~21℃
2777,2018/10/13   星期六,多云,13~23℃
2778,2018/10/14   星期日,阴,14~22℃
2779,2018/10/15   星期一,阴,15~22℃
2780,2018/10/16   星期二,多云,16~20℃
2781,2018/10/17   星期三,晴,14~21℃
2782,2018/10/18   星期四,多云,13~21℃
2783,2018/10/19   星期五,多云,11~21℃
2784,2018/10/20   星期六,阴,12~21℃
2785,2018/10/21   星期日,阴,14~21℃
2786,2018/10/22   星期一,阴,16~21℃
2787,2018/10/23   星期二,晴,16~21℃
2788,2018/10/24   星期三,多云,14~23℃
2789,2018/10/25   星期四,多云,14~24℃
2790,2018/10/26   星期五,晴,17~23℃
2791,2018/10/27   星期六,晴,11~19℃
2792,2018/10/28   星期日,晴,8~23℃
2793,2018/10/29   星期一,晴,9~24℃
2794,2018/10/30   星期二,多云,12~24℃
2794,2018/10/31   星期三,晴,11~22℃
2795,2018/11/01   星期四,阴,11~20℃
2796,2018/11/02   星期五,多云,14~20℃
2797,2018/11/03   星期六,多云,15~19℃
2798,2018/11/04   星期日,阴,14~23℃
2799,2018/11/05   星期一,小雨,17~24℃
2800,2018/11/06   星期二,阴,17~23℃
2801,2018/11/07   星期三,多云,15~22℃
2802,2018/11/08   星期四,晴,12~16℃
2803,2018/11/09   星期五,晴,9~18℃
2804,2018/11/10   星期六,阴,8~22℃
2805,2018/11/11   星期日,晴,15~22℃
2806,2018/11/12   星期一,阴,14~18℃
2807,2018/11/13   星期二,多云,12~18℃
2808,2018/11/14   星期三,多云,10~20℃
2809,2018/11/15   星期四,多云,12~20℃
2810,2018/11/16   星期五,多云,13~18℃
2811,2018/11/17   星期六,多云,13~16℃
2812,2018/11/18   星期日,多云,12~15℃
2813,2018/11/19   星期一,阴,10~15℃
2814,2018/11/20   星期二,小雨到中雨,10~16℃
2815,2018/11/21   星期三,多云,12~17℃
2816,2018/11/22   星期四,多云,9~15℃
2817,2018/11/23   星期五,晴,7~17℃
2818,2018/11/24   星期六,多云,7~21℃
2819,2018/11/25   星期日,多云,8~20℃
2820,2018/11/26   星期一,晴,12~18℃
2821,2018/11/27   星期二,多云,11~18℃
2822,2018/11/28   星期三,晴,8~17℃
2823,2018/11/29   星期四,晴,7~19℃
2824,2018/11/30   星期五,多云,8~21℃
2825,2018/12/01   星期六,晴,10~22℃
2826,2018/12/02   星期日,阴,13~21℃
2827,2018/12/03   星期一,阴,16~23℃
2828,2018/12/04   星期二,小雨,11~18℃
2829,2018/12/05   星期三,多云,12~15℃
2830,2018/12/06   星期四,小雨,8~14℃
2831,2018/12/07   星期五,多云,3~10℃
2832,2018/12/08   星期六,雪,1~5℃
2833,2018/12/09   星期日,雪,2~5℃
2834,2018/12/10   星期一,阴,5~10℃
2835,2018/12/11   星期二,阴,6~9℃
2836,2018/12/12   星期三,阴,2~8℃
2837,2018/12/13   星期四,多云,3~8℃
2838,2018/12/14   星期五,阴,3~9℃
2839,2018/12/15   星期六,小雨,6~9℃
2840,2018/12/16   星期日,晴,4~10℃
2841,2018/12/17   星期一,晴,3~13℃
2842,2018/12/18   星期二,晴,0~17℃
2843,2018/12/19   星期三,小雨,5~17℃
2844,2018/12/20   星期四,多云,11~13℃
2845,2018/12/21   星期五,阴,8~16℃
2846,2018/12/22   星期六,多云,12~17℃
2847,2018/12/23   星期日,多云,9~13℃
2848,2018/12/24   星期一,多云,6~13℃
2849,2018/12/25   星期二,多云,7~14℃
2850,2018/12/26   星期三,阴,9~13℃
2851,2018/12/27   星期四,多云,6~9℃
2852,2018/12/28   星期五,多云,0~6℃
2853,2018/12/29   星期六,阴,-1~5℃
2854,2018/12/30   星期日,雪,1~3℃
2854,2018/12/31   星期一,雨夹雪,1~3℃
2855,2019/01/01   星期二,多云,1~5℃
2856,2019/01/02   星期三,阴,1~5℃
2857,2019/01/03   星期四,阴,3~10℃
2858,2019/01/04   星期五,阴,6~10℃
2859,2019/01/05   星期六,阴,6~9℃
2860,2019/01/06   星期日,多云,5~8℃
2861,2019/01/07   星期一,阴,4~8℃
2862,2019/01/08   星期二,小雨,5~8℃
2863,2019/01/09   星期三,阴,6~8℃
2864,2019/01/10   星期四,小雨到中雨,6~9℃
2865,2019/01/11   星期五,多云,7~9℃
2866,2019/01/12   星期六,阴,5~8℃
2867,2019/01/13   星期日,多云,3~9℃
2868,2019/01/14   星期一,小雨,5~9℃
2869,2019/01/15   星期二,小雨,5~8℃
2870,2019/01/16   星期三,多云,3~5℃
2871,2019/01/17   星期四,晴,1~8℃
2872,2019/01/18   星期五,晴,-2~12℃
2873,2019/01/19   星期六,多云,4~17℃
2874,2019/01/20   星期日,晴,5~10℃
2875,2019/01/21   星期一,晴,1~8℃
2876,2019/01/22   星期二,晴,-1~12℃
2877,2019/01/23   星期三,晴,-1~14℃
2878,2019/01/24   星期四,晴,1~14℃
2879,2019/01/25   星期五,多云,1~14℃
2880,2019/01/26   星期六,多云,2~6℃
2881,2019/01/27   星期日,晴,0~11℃
2882,2019/01/28   星期一,多云,2~12℃
2883,2019/01/29   星期二,晴,6~13℃
2884,2019/01/30   星期三,多云,6~20℃
2884,2019/01/31   星期四,多云,2~10℃
2885,2019/02/01   星期五,晴,2~8℃
2886,2019/02/02   星期六,晴,3~18℃
2887,2019/02/03   星期日,多云,7~20℃
2888,2019/02/04   星期一,多云,6~10℃
2889,2019/02/05   星期二,多云,7~14℃
2890,2019/02/06   星期三,晴,7~18℃
2891,2019/02/07   星期四,多云,5~15℃
2892,2019/02/08   星期五,阴,4~7℃
2893,2019/02/09   星期六,阴,3~6℃
2894,2019/02/10   星期日,阴,3~5℃
2895,2019/02/11   星期一,多云,3~5℃
2896,2019/02/12   星期二,多云,3~9℃
2897,2019/02/13   星期三,小雨到中雨,6~8℃
2898,2019/02/14   星期四,阴,7~8℃
2899,2019/02/15   星期五,小雨,6~9℃
2900,2019/02/16   星期六,雪,2~5℃
2901,2019/02/17   星期日,小雨,2~5℃
2902,2019/02/18   星期一,小雨到中雨,5~10℃
2903,2019/02/19   星期二,多云,7~12℃
2904,2019/02/20   星期三,阴,6~8℃
2905,2019/02/21   星期四,阴,6~8℃
2906,2019/02/22   星期五,多云,4~7℃
2907,2019/02/23   星期六,多云,5~8℃
2908,2019/02/24   星期日,阴,7~10℃
2909,2019/02/25   星期一,多云,7~10℃
2910,2019/02/26   星期二,小雨,6~12℃
2911,2019/02/27   星期三,多云,8~10℃
2912,2019/02/28   星期四,多云,5~9℃
2913,2019/03/01   星期五,小雨,7~9℃
2914,2019/03/02   星期六,阴,7~11℃
2915,2019/03/03   星期日,阴,6~10℃
2916,2019/03/04   星期一,霾,7~10℃
2917,2019/03/05   星期二,多云,8~11℃
2918,2019/03/06   星期三,多云,9~12℃
2919,2019/03/07   星期四,晴,5~11℃
2920,2019/03/08   星期五,小雨,3~13℃
2921,2019/03/09   星期六,阴,8~12℃
2922,2019/03/10   星期日,晴,8~14℃
2923,2019/03/11   星期一,晴,5~19℃
2924,2019/03/12   星期二,晴,6~21℃
2925,2019/03/13   星期三,多云,7~16℃
2926,2019/03/14   星期四,小雨到中雨,5~11℃
